<?xml version="1.0" encoding="UTF-8"?>
<feature
      id="org.eclipse.datatools.enablement.ingres.feature"
      label="%FEATURE_NAME"
      version="1.14.100.201801242337"
      provider-name="%PROVIDER_NAME"
      plugin="org.eclipse.datatools.enablement.finfo">

   <description>
      %DESCRIPTION
   </description>

   <copyright>
      %featureCopyright
   </copyright>

   <license url="%LICENSE_URL">
      %license
   </license>

   <requires>
      <import feature="org.eclipse.datatools.modelbase.feature" version="1.13.0" match="greaterOrEqual"/>
      <import feature="org.eclipse.datatools.connectivity.feature" version="1.13.0" match="greaterOrEqual"/>
      <import feature="org.eclipse.datatools.sqldevtools.feature" version="1.13.0" match="greaterOrEqual"/>
      <import feature="org.eclipse.datatools.enablement.jdbc.feature" version="1.13.0" match="greaterOrEqual"/>
   </requires>

   <plugin
         id="org.eclipse.datatools.enablement.ingres"
         download-size="109"
         install-size="233"
         version="1.2.100.201801242337"
         unpack="false"/>

   <plugin
         id="org.eclipse.datatools.enablement.ingres.dbdefinition"
         download-size="12"
         install-size="32"
         version="1.2.100.201801242337"
         unpack="false"/>

   <plugin
         id="org.eclipse.datatools.enablement.ingres.ui"
         download-size="183"
         install-size="418"
         version="1.2.100.201801242337"
         unpack="false"/>

   <plugin
         id="org.eclipse.datatools.enablement.finfo"
         download-size="17"
         install-size="20"
         version="1.7.100.201801242337"
         unpack="false"/>

</feature>
