<?xml version="1.0" encoding="UTF-8"?>
<feature
      id="org.eclipse.datatools.enablement.jdt.feature"
      label="%featureName"
      version="1.14.100.201801242337"
      provider-name="%providerName"
      plugin="org.eclipse.datatools.enablement.jdt.classpath"
      image="eclipse_update_120.jpg">

   <description>
      %description
   </description>

   <copyright>
      %featureCopyright
   </copyright>

   <license url="%licenseURL">
      %license
   </license>

   <requires>
      <import feature="org.eclipse.jdt" version="3.4.0" match="greaterOrEqual"/>
   </requires>

   <plugin
         id="org.eclipse.datatools.enablement.jdt.classpath"
         download-size="26"
         install-size="40"
         version="1.2.100.201801242337"
         unpack="false"/>

</feature>
