<?xml version="1.0" encoding="UTF-8"?>
<feature
      id="org.eclipse.datatools.enablement.msft.feature"
      label="%featureName"
      version="1.14.100.201801242337"
      provider-name="%providerName"
      plugin="org.eclipse.datatools.enablement.finfo"
      image="eclipse_update_120.jpg">

   <description>
      %description
   </description>

   <copyright>
      %featureCopyright
   </copyright>

   <license url="%licenseURL">
      %license
   </license>

   <requires>
      <import feature="org.eclipse.datatools.modelbase.feature" version="1.13.0" match="greaterOrEqual"/>
      <import feature="org.eclipse.datatools.connectivity.feature" version="1.13.0" match="greaterOrEqual"/>
      <import feature="org.eclipse.datatools.enablement.jdbc.feature" version="1.13.0" match="greaterOrEqual"/>
   </requires>

   <plugin
         id="org.eclipse.datatools.enablement.msft.sqlserver.dbdefinition"
         download-size="35"
         install-size="186"
         version="1.2.100.201801242337"
         unpack="false"/>

   <plugin
         id="org.eclipse.datatools.enablement.msft.sqlserver"
         download-size="82"
         install-size="199"
         version="1.2.100.201801242337"
         unpack="false"/>

   <plugin
         id="org.eclipse.datatools.enablement.msft.sqlserver.ui"
         download-size="43"
         install-size="85"
         version="1.2.100.201801242337"
         unpack="false"/>

   <plugin
         id="org.eclipse.datatools.enablement.finfo"
         download-size="17"
         install-size="20"
         version="1.7.100.201801242337"
         unpack="false"/>

</feature>
