<?xml version="1.0" encoding="UTF-8"?>
<java version="1.8.0_201" class="java.beans.XMLDecoder">
 <object class="org.eclipse.epp.internal.mpc.ui.catalog.MarketplaceInfo" id="MarketplaceInfo0">
  <void property="iuToNodeKey">
   <void method="put">
    <string>org.tigris.subversion.subclipse.graph.feature.feature.group</string>
    <object class="java.util.ArrayList">
     <void method="add">
      <string>https://marketplace.eclipse.org#979</string>
     </void>
    </object>
   </void>
   <void method="put">
    <string>de.devboost.eclipse.jloop</string>
    <object class="java.util.ArrayList">
     <void method="add">
      <string>https://marketplace.eclipse.org#339135</string>
     </void>
    </object>
   </void>
   <void method="put">
    <string>org.tigris.subversion.subclipse.feature.group</string>
    <object class="java.util.ArrayList">
     <void method="add">
      <string>https://marketplace.eclipse.org#979</string>
     </void>
    </object>
   </void>
   <void method="put">
    <string>de.javabeginners.cent.feature</string>
    <object class="java.util.ArrayList">
     <void method="add">
      <string>https://marketplace.eclipse.org#3267661</string>
     </void>
    </object>
   </void>
   <void method="put">
    <string>cucumber.eclipse.feature</string>
    <object class="java.util.ArrayList">
     <void method="add">
      <string>https://marketplace.eclipse.org#3759385</string>
     </void>
    </object>
   </void>
   <void method="put">
    <string>net.ramso.doc</string>
    <object class="java.util.ArrayList">
     <void method="add">
      <string>https://marketplace.eclipse.org#134214</string>
     </void>
    </object>
   </void>
   <void method="put">
    <string>org.agileware.natural.jbehave.feature</string>
    <object class="java.util.ArrayList">
     <void method="add">
      <string>https://marketplace.eclipse.org#2427135</string>
     </void>
    </object>
   </void>
   <void method="put">
    <string>org.agileware.natural.cucumber.feature</string>
    <object class="java.util.ArrayList">
     <void method="add">
      <string>https://marketplace.eclipse.org#2427135</string>
     </void>
    </object>
   </void>
   <void method="put">
    <string>ls_feature</string>
    <object class="java.util.ArrayList">
     <void method="add">
      <string>https://marketplace.eclipse.org#1168625</string>
     </void>
    </object>
   </void>
   <void method="put">
    <string>org.freejava.javasourceattacher.feature</string>
    <object class="java.util.ArrayList">
     <void method="add">
      <string>https://marketplace.eclipse.org#84997</string>
     </void>
    </object>
   </void>
   <void method="put">
    <string>org.moreunit</string>
    <object class="java.util.ArrayList">
     <void method="add">
      <string>https://marketplace.eclipse.org#194</string>
     </void>
    </object>
   </void>
   <void method="put">
    <string>org.vaulttec.velocity.feature</string>
    <object class="java.util.ArrayList">
     <void method="add">
      <string>https://marketplace.eclipse.org#2985127</string>
     </void>
    </object>
   </void>
   <void method="put">
    <string>org.tigris.subversion.clientadapter.javahl.feature.feature.group</string>
    <object class="java.util.ArrayList">
     <void method="add">
      <string>https://marketplace.eclipse.org#979</string>
     </void>
    </object>
   </void>
   <void method="put">
    <string>org.tigris.subversion.subclipse.mylyn.feature.feature.group</string>
    <object class="java.util.ArrayList">
     <void method="add">
      <string>https://marketplace.eclipse.org#979</string>
     </void>
    </object>
   </void>
   <void method="put">
    <string>com.devepos.adt.searchandanalysistools</string>
    <object class="java.util.ArrayList">
     <void method="add">
      <string>https://marketplace.eclipse.org#4876278</string>
     </void>
    </object>
   </void>
   <void method="put">
    <string>org.moreunit.light</string>
    <object class="java.util.ArrayList">
     <void method="add">
      <string>https://marketplace.eclipse.org#194</string>
     </void>
    </object>
   </void>
   <void method="put">
    <string>org.junithelper.plugin</string>
    <object class="java.util.ArrayList">
     <void method="add">
      <string>https://marketplace.eclipse.org#2298</string>
     </void>
    </object>
   </void>
   <void method="put">
    <string>org.infinitest.eclipse.feature</string>
    <object class="java.util.ArrayList">
     <void method="add">
      <string>https://marketplace.eclipse.org#1124</string>
     </void>
    </object>
   </void>
   <void method="put">
    <string>net.ramso.dita</string>
    <object class="java.util.ArrayList">
     <void method="add">
      <string>https://marketplace.eclipse.org#134214</string>
     </void>
    </object>
   </void>
   <void method="put">
    <string>net.resheim.eclipse.timekeeper</string>
    <object class="java.util.ArrayList">
     <void method="add">
      <string>https://marketplace.eclipse.org#2196325</string>
     </void>
    </object>
   </void>
   <void method="put">
    <string>org.threepio.feature</string>
    <object class="java.util.ArrayList">
     <void method="add">
      <string>https://marketplace.eclipse.org#1106</string>
     </void>
    </object>
   </void>
   <void method="put">
    <string>org.testng.eclipse</string>
    <object class="java.util.ArrayList">
     <void method="add">
      <string>https://marketplace.eclipse.org#1549</string>
     </void>
    </object>
   </void>
   <void method="put">
    <string>org.moreunit.mock</string>
    <object class="java.util.ArrayList">
     <void method="add">
      <string>https://marketplace.eclipse.org#194</string>
     </void>
    </object>
   </void>
   <void method="put">
    <string>com.adobe.granite.ide.feature</string>
    <object class="java.util.ArrayList">
     <void method="add">
      <string>https://marketplace.eclipse.org#1979910</string>
     </void>
    </object>
   </void>
   <void method="put">
    <string>org.tigris.subversion.clientadapter.svnkit.feature.feature.group</string>
    <object class="java.util.ArrayList">
     <void method="add">
      <string>https://marketplace.eclipse.org#979</string>
     </void>
    </object>
   </void>
   <void method="put">
    <string>org.testng.eclipse.maven.feature</string>
    <object class="java.util.ArrayList">
     <void method="add">
      <string>https://marketplace.eclipse.org#1549</string>
     </void>
    </object>
   </void>
   <void method="put">
    <string>com.genuitec.eclipse.codetogether.feature</string>
    <object class="java.util.ArrayList">
     <void method="add">
      <string>https://marketplace.eclipse.org#5012014</string>
     </void>
    </object>
   </void>
  </void>
  <void property="nodeKeyToIU">
   <void method="put">
    <string>https://marketplace.eclipse.org#194</string>
    <object class="java.util.ArrayList">
     <void method="add">
      <string>org.moreunit</string>
     </void>
     <void method="add">
      <string>org.moreunit.mock</string>
     </void>
     <void method="add">
      <string>org.moreunit.light</string>
     </void>
    </object>
   </void>
   <void method="put">
    <string>https://marketplace.eclipse.org#2427135</string>
    <object class="java.util.ArrayList">
     <void method="add">
      <string>org.agileware.natural.cucumber.feature</string>
     </void>
     <void method="add">
      <string>org.agileware.natural.jbehave.feature</string>
     </void>
    </object>
   </void>
   <void method="put">
    <string>https://marketplace.eclipse.org#4876278</string>
    <object class="java.util.ArrayList">
     <void method="add">
      <string>com.devepos.adt.searchandanalysistools</string>
     </void>
    </object>
   </void>
   <void method="put">
    <string>https://marketplace.eclipse.org#134214</string>
    <object class="java.util.ArrayList">
     <void method="add">
      <string>net.ramso.dita</string>
     </void>
     <void method="add">
      <string>net.ramso.doc</string>
     </void>
    </object>
   </void>
   <void method="put">
    <string>https://marketplace.eclipse.org#2985127</string>
    <object class="java.util.ArrayList">
     <void method="add">
      <string>org.vaulttec.velocity.feature</string>
     </void>
    </object>
   </void>
   <void method="put">
    <string>https://marketplace.eclipse.org#1979910</string>
    <object class="java.util.ArrayList">
     <void method="add">
      <string>com.adobe.granite.ide.feature</string>
     </void>
    </object>
   </void>
   <void method="put">
    <string>https://marketplace.eclipse.org#1549</string>
    <object class="java.util.ArrayList">
     <void method="add">
      <string>org.testng.eclipse</string>
     </void>
     <void method="add">
      <string>org.testng.eclipse.maven.feature</string>
     </void>
    </object>
   </void>
   <void method="put">
    <string>https://marketplace.eclipse.org#1106</string>
    <object class="java.util.ArrayList">
     <void method="add">
      <string>org.threepio.feature</string>
     </void>
    </object>
   </void>
   <void method="put">
    <string>https://marketplace.eclipse.org#3267661</string>
    <object class="java.util.ArrayList">
     <void method="add">
      <string>de.javabeginners.cent.feature</string>
     </void>
    </object>
   </void>
   <void method="put">
    <string>https://marketplace.eclipse.org#1124</string>
    <object class="java.util.ArrayList">
     <void method="add">
      <string>org.infinitest.eclipse.feature</string>
     </void>
    </object>
   </void>
   <void method="put">
    <string>https://marketplace.eclipse.org#1168625</string>
    <object class="java.util.ArrayList">
     <void method="add">
      <string>ls_feature</string>
     </void>
    </object>
   </void>
   <void method="put">
    <string>https://marketplace.eclipse.org#979</string>
    <object class="java.util.ArrayList">
     <void method="add">
      <string>org.tigris.subversion.subclipse.feature.group</string>
     </void>
     <void method="add">
      <string>org.tigris.subversion.clientadapter.javahl.feature.feature.group</string>
     </void>
     <void method="add">
      <string>org.tigris.subversion.subclipse.graph.feature.feature.group</string>
     </void>
     <void method="add">
      <string>org.tigris.subversion.subclipse.mylyn.feature.feature.group</string>
     </void>
     <void method="add">
      <string>org.tigris.subversion.clientadapter.svnkit.feature.feature.group</string>
     </void>
    </object>
   </void>
   <void method="put">
    <string>https://marketplace.eclipse.org#3759385</string>
    <object class="java.util.ArrayList">
     <void method="add">
      <string>cucumber.eclipse.feature</string>
     </void>
    </object>
   </void>
   <void method="put">
    <string>https://marketplace.eclipse.org#2298</string>
    <object class="java.util.ArrayList">
     <void method="add">
      <string>org.junithelper.plugin</string>
     </void>
    </object>
   </void>
   <void method="put">
    <string>https://marketplace.eclipse.org#5012014</string>
    <object class="java.util.ArrayList">
     <void method="add">
      <string>com.genuitec.eclipse.codetogether.feature</string>
     </void>
    </object>
   </void>
   <void method="put">
    <string>https://marketplace.eclipse.org#339135</string>
    <object class="java.util.ArrayList">
     <void method="add">
      <string>de.devboost.eclipse.jloop</string>
     </void>
    </object>
   </void>
   <void method="put">
    <string>https://marketplace.eclipse.org#2196325</string>
    <object class="java.util.ArrayList">
     <void method="add">
      <string>net.resheim.eclipse.timekeeper</string>
     </void>
    </object>
   </void>
   <void method="put">
    <string>https://marketplace.eclipse.org#84997</string>
    <object class="java.util.ArrayList">
     <void method="add">
      <string>org.freejava.javasourceattacher.feature</string>
     </void>
    </object>
   </void>
  </void>
 </object>
</java>
