<?xml version="1.0" encoding="UTF-8"?>
<feature
      id="org.eclipse.datatools.sqldevtools.results.feature"
      label="%featureName"
      version="1.14.100.201802212225"
      provider-name="%providerName"
      image="eclipse_update_120.jpg">

   <description>
      %description
   </description>

   <copyright>
      %featureCopyright
   </copyright>

   <license url="%licenseURL">
      %license
   </license>

   <requires>
      <import feature="org.eclipse.datatools.modelbase.feature" version="1.13.0" match="greaterOrEqual"/>
      <import feature="org.eclipse.datatools.connectivity.feature" version="1.13.0" match="greaterOrEqual"/>
      <import feature="org.eclipse.datatools.doc.user" version="1.13.0" match="greaterOrEqual"/>
   </requires>

   <plugin
         id="org.eclipse.datatools.sqltools.common.ui"
         download-size="228"
         install-size="438"
         version="1.2.100.201801242337"
         unpack="false"/>

   <plugin
         id="org.eclipse.datatools.sqltools.result"
         download-size="97"
         install-size="187"
         version="1.3.100.201801242337"
         unpack="false"/>

   <plugin
         id="org.eclipse.datatools.connectivity"
         download-size="271"
         install-size="604"
         version="1.14.100.201802212225"
         unpack="false"/>

</feature>
