{
  "keyframeInfo": {
    "direction": "CYCLE",
    "keyframeMap": {
      "0": {
        "curveType": "LINEAR",
        "length": 15,
        "lightingSlots": {
          "infoMap": {
            "PERKEY_BRANDING": {
              "perKeyMap": {
                "colorCodeMap": {
                  "0": {
                    "hex": "#00dcff"
                  },
                  "1": {
                    "hex": "#ff0000"
                  },
                  "2": {
                    "hex": "#ff0000"
                  }
                }
              }
            },
            "PERKEY_CONSUMER": {
              "perKeyMap": {
                "colorCodeMap": {
                  "0": {
                    "hex": "#00dcff"
                  },
                  "181": {
                    "hex": "#ff0000"
                  },
                  "182": {
                    "hex": "#ff0000"
                  },
                  "183": {
                    "hex": "#ff0000"
                  },
                  "205": {
                    "hex": "#ff0000"
                  },
                  "226": {
                    "hex": "#ff0000"
                  }
                }
              }
            },
            "PERKEY_GKEY": {
              "perKeyMap": {
                "colorCodeMap": {
                  "0": {
                    "hex": "#00cdff"
                  },
                  "1": {
                    "hex": "#ff0000"
                  },
                  "2": {
                    "hex": "#ff0000"
                  },
                  "3": {
                    "hex": "#ff0000"
                  },
                  "4": {
                    "hex": "#ff0000"
                  },
                  "5": {
                    "hex": "#ff0000"
                  },
                  "6": {
                    "hex": "#ff0000"
                  },
                  "7": {
                    "hex": "#ff0000"
                  },
                  "8": {
                    "hex": "#ff0000"
                  },
                  "9": {
                    "hex": "#ff0000"
                  }
                }
              }
            },
            "PERKEY_INDICATOR": {
              "perKeyMap": {
                "colorCodeMap": {
                  "0": {
                    "hex": "#00dcff"
                  },
                  "1": {
                    "hex": "#ff0000"
                  },
                  "2": {
                    "hex": "#ff0000"
                  },
                  "3": {
                    "hex": "#ff0000"
                  },
                  "4": {
                    "hex": "#ff0000"
                  },
                  "5": {
                    "hex": "#ff0000"
                  }
                }
              }
            },
            "PERKEY_KEYBOARD": {
              "perKeyMap": {
                "colorCodeMap": {
                  "0": {
                    "hex": "#00dcff"
                  },
                  "10": {
                    "hex": "#0000ff"
                  },
                  "100": {
                    "hex": "#0000ff"
                  },
                  "101": {
                    "hex": "#0000ff"
                  },
                  "11": {
                    "hex": "#0000ff"
                  },
                  "12": {
                    "hex": "#0000ff"
                  },
                  "13": {
                    "hex": "#0000ff"
                  },
                  "135": {
                    "hex": "#0000ff"
                  },
                  "136": {
                    "hex": "#0000ff"
                  },
                  "137": {
                    "hex": "#0000ff"
                  },
                  "138": {
                    "hex": "#0000ff"
                  },
                  "139": {
                    "hex": "#0000ff"
                  },
                  "14": {
                    "hex": "#0000ff"
                  },
                  "15": {
                    "hex": "#0000ff"
                  },
                  "16": {
                    "hex": "#0000ff"
                  },
                  "17": {
                    "hex": "#0000ff"
                  },
                  "18": {
                    "hex": "#0000ff"
                  },
                  "19": {
                    "hex": "#0000ff"
                  },
                  "20": {
                    "hex": "#0000ff"
                  },
                  "21": {
                    "hex": "#0000ff"
                  },
                  "22": {
                    "hex": "#0000ff"
                  },
                  "224": {
                    "hex": "#0000ff"
                  },
                  "225": {
                    "hex": "#0000ff"
                  },
                  "226": {
                    "hex": "#0000ff"
                  },
                  "227": {
                    "hex": "#0000ff"
                  },
                  "228": {
                    "hex": "#0000ff"
                  },
                  "229": {
                    "hex": "#0000ff"
                  },
                  "23": {
                    "hex": "#0000ff"
                  },
                  "230": {
                    "hex": "#0000ff"
                  },
                  "231": {
                    "hex": "#0000ff"
                  },
                  "24": {
                    "hex": "#0000ff"
                  },
                  "25": {
                    "hex": "#0000ff"
                  },
                  "26": {
                    "hex": "#0000ff"
                  },
                  "27": {
                    "hex": "#0000ff"
                  },
                  "28": {
                    "hex": "#0000ff"
                  },
                  "29": {
                    "hex": "#0000ff"
                  },
                  "30": {
                    "hex": "#0000ff"
                  },
                  "31": {
                    "hex": "#0000ff"
                  },
                  "32": {
                    "hex": "#0000ff"
                  },
                  "33": {
                    "hex": "#0000ff"
                  },
                  "34": {
                    "hex": "#0000ff"
                  },
                  "35": {
                    "hex": "#0000ff"
                  },
                  "36": {
                    "hex": "#0000ff"
                  },
                  "37": {
                    "hex": "#0000ff"
                  },
                  "38": {
                    "hex": "#0000ff"
                  },
                  "39": {
                    "hex": "#0000ff"
                  },
                  "4": {
                    "hex": "#0000ff"
                  },
                  "40": {
                    "hex": "#0000ff"
                  },
                  "41": {
                    "hex": "#ff0000"
                  },
                  "42": {
                    "hex": "#0000ff"
                  },
                  "43": {
                    "hex": "#0000ff"
                  },
                  "44": {
                    "hex": "#0000ff"
                  },
                  "45": {
                    "hex": "#0000ff"
                  },
                  "46": {
                    "hex": "#0000ff"
                  },
                  "47": {
                    "hex": "#0000ff"
                  },
                  "48": {
                    "hex": "#0000ff"
                  },
                  "49": {
                    "hex": "#0000ff"
                  },
                  "5": {
                    "hex": "#0000ff"
                  },
                  "50": {
                    "hex": "#0000ff"
                  },
                  "51": {
                    "hex": "#0000ff"
                  },
                  "52": {
                    "hex": "#0000ff"
                  },
                  "53": {
                    "hex": "#0000ff"
                  },
                  "54": {
                    "hex": "#0000ff"
                  },
                  "55": {
                    "hex": "#0000ff"
                  },
                  "56": {
                    "hex": "#0000ff"
                  },
                  "57": {
                    "hex": "#0000ff"
                  },
                  "58": {
                    "hex": "#ff0000"
                  },
                  "59": {
                    "hex": "#ff0000"
                  },
                  "6": {
                    "hex": "#0000ff"
                  },
                  "60": {
                    "hex": "#ff0000"
                  },
                  "61": {
                    "hex": "#ff0000"
                  },
                  "62": {
                    "hex": "#ff0000"
                  },
                  "63": {
                    "hex": "#ff0000"
                  },
                  "64": {
                    "hex": "#ff0000"
                  },
                  "65": {
                    "hex": "#ff0000"
                  },
                  "66": {
                    "hex": "#ff0000"
                  },
                  "67": {
                    "hex": "#ff0000"
                  },
                  "68": {
                    "hex": "#ff0000"
                  },
                  "69": {
                    "hex": "#ff0000"
                  },
                  "7": {
                    "hex": "#0000ff"
                  },
                  "70": {
                    "hex": "#ff0000"
                  },
                  "71": {
                    "hex": "#ff0000"
                  },
                  "72": {
                    "hex": "#ff0000"
                  },
                  "73": {
                    "hex": "#ff0000"
                  },
                  "74": {
                    "hex": "#ff0000"
                  },
                  "75": {
                    "hex": "#ff0000"
                  },
                  "76": {
                    "hex": "#ff0000"
                  },
                  "77": {
                    "hex": "#ff0000"
                  },
                  "78": {
                    "hex": "#ff0000"
                  },
                  "79": {
                    "hex": "#ff0000"
                  },
                  "8": {
                    "hex": "#0000ff"
                  },
                  "80": {
                    "hex": "#ff0000"
                  },
                  "81": {
                    "hex": "#ff0000"
                  },
                  "82": {
                    "hex": "#ff0000"
                  },
                  "83": {
                    "hex": "#0000ff"
                  },
                  "84": {
                    "hex": "#0000ff"
                  },
                  "85": {
                    "hex": "#0000ff"
                  },
                  "86": {
                    "hex": "#0000ff"
                  },
                  "87": {
                    "hex": "#0000ff"
                  },
                  "88": {
                    "hex": "#0000ff"
                  },
                  "89": {
                    "hex": "#0000ff"
                  },
                  "9": {
                    "hex": "#0000ff"
                  },
                  "90": {
                    "hex": "#0000ff"
                  },
                  "91": {
                    "hex": "#0000ff"
                  },
                  "92": {
                    "hex": "#0000ff"
                  },
                  "93": {
                    "hex": "#0000ff"
                  },
                  "94": {
                    "hex": "#0000ff"
                  },
                  "95": {
                    "hex": "#0000ff"
                  },
                  "96": {
                    "hex": "#0000ff"
                  },
                  "97": {
                    "hex": "#0000ff"
                  },
                  "98": {
                    "hex": "#0000ff"
                  },
                  "99": {
                    "hex": "#0000ff"
                  }
                }
              }
            }
          }
        }
      },
      "1": {
        "curveType": "LINEAR",
        "length": 15,
        "lightingSlots": {
          "infoMap": {
            "PERKEY_BRANDING": {
              "perKeyMap": {
                "colorCodeMap": {
                  "0": {
                    "hex": "#00dcff"
                  },
                  "1": {
                    "hex": "#0000ff"
                  },
                  "2": {
                    "hex": "#0000ff"
                  }
                }
              }
            },
            "PERKEY_CONSUMER": {
              "perKeyMap": {
                "colorCodeMap": {
                  "0": {
                    "hex": "#00dcff"
                  },
                  "181": {
                    "hex": "#0000ff"
                  },
                  "182": {
                    "hex": "#0000ff"
                  },
                  "183": {
                    "hex": "#0000ff"
                  },
                  "205": {
                    "hex": "#0000ff"
                  },
                  "226": {
                    "hex": "#0000ff"
                  }
                }
              }
            },
            "PERKEY_GKEY": {
              "perKeyMap": {
                "colorCodeMap": {
                  "0": {
                    "hex": "#00cdff"
                  },
                  "1": {
                    "hex": "#0000ff"
                  },
                  "2": {
                    "hex": "#0000ff"
                  },
                  "3": {
                    "hex": "#0000ff"
                  },
                  "4": {
                    "hex": "#0000ff"
                  },
                  "5": {
                    "hex": "#0000ff"
                  },
                  "6": {
                    "hex": "#0000ff"
                  },
                  "7": {
                    "hex": "#0000ff"
                  },
                  "8": {
                    "hex": "#0000ff"
                  },
                  "9": {
                    "hex": "#0000ff"
                  }
                }
              }
            },
            "PERKEY_INDICATOR": {
              "perKeyMap": {
                "colorCodeMap": {
                  "0": {
                    "hex": "#00dcff"
                  },
                  "1": {
                    "hex": "#0000ff"
                  },
                  "2": {
                    "hex": "#0000ff"
                  },
                  "3": {
                    "hex": "#0000ff"
                  },
                  "4": {
                    "hex": "#0000ff"
                  },
                  "5": {
                    "hex": "#0000ff"
                  }
                }
              }
            },
            "PERKEY_KEYBOARD": {
              "perKeyMap": {
                "colorCodeMap": {
                  "0": {
                    "hex": "#00dcff"
                  },
                  "10": {
                    "hex": "#00ff00"
                  },
                  "100": {
                    "hex": "#00ff00"
                  },
                  "101": {
                    "hex": "#00ff00"
                  },
                  "11": {
                    "hex": "#00ff00"
                  },
                  "12": {
                    "hex": "#00ff00"
                  },
                  "13": {
                    "hex": "#00ff00"
                  },
                  "135": {
                    "hex": "#00ff00"
                  },
                  "136": {
                    "hex": "#00ff00"
                  },
                  "137": {
                    "hex": "#00ff00"
                  },
                  "138": {
                    "hex": "#00ff00"
                  },
                  "139": {
                    "hex": "#00ff00"
                  },
                  "14": {
                    "hex": "#00ff00"
                  },
                  "15": {
                    "hex": "#00ff00"
                  },
                  "16": {
                    "hex": "#00ff00"
                  },
                  "17": {
                    "hex": "#00ff00"
                  },
                  "18": {
                    "hex": "#00ff00"
                  },
                  "19": {
                    "hex": "#00ff00"
                  },
                  "20": {
                    "hex": "#00ff00"
                  },
                  "21": {
                    "hex": "#00ff00"
                  },
                  "22": {
                    "hex": "#00ff00"
                  },
                  "224": {
                    "hex": "#00ff00"
                  },
                  "225": {
                    "hex": "#00ff00"
                  },
                  "226": {
                    "hex": "#00ff00"
                  },
                  "227": {
                    "hex": "#00ff00"
                  },
                  "228": {
                    "hex": "#00ff00"
                  },
                  "229": {
                    "hex": "#00ff00"
                  },
                  "23": {
                    "hex": "#00ff00"
                  },
                  "230": {
                    "hex": "#00ff00"
                  },
                  "231": {
                    "hex": "#00ff00"
                  },
                  "24": {
                    "hex": "#00ff00"
                  },
                  "25": {
                    "hex": "#00ff00"
                  },
                  "26": {
                    "hex": "#00ff00"
                  },
                  "27": {
                    "hex": "#00ff00"
                  },
                  "28": {
                    "hex": "#00ff00"
                  },
                  "29": {
                    "hex": "#00ff00"
                  },
                  "30": {
                    "hex": "#00ff00"
                  },
                  "31": {
                    "hex": "#00ff00"
                  },
                  "32": {
                    "hex": "#00ff00"
                  },
                  "33": {
                    "hex": "#00ff00"
                  },
                  "34": {
                    "hex": "#00ff00"
                  },
                  "35": {
                    "hex": "#00ff00"
                  },
                  "36": {
                    "hex": "#00ff00"
                  },
                  "37": {
                    "hex": "#00ff00"
                  },
                  "38": {
                    "hex": "#00ff00"
                  },
                  "39": {
                    "hex": "#00ff00"
                  },
                  "4": {
                    "hex": "#00ff00"
                  },
                  "40": {
                    "hex": "#00ff00"
                  },
                  "41": {
                    "hex": "#0000ff"
                  },
                  "42": {
                    "hex": "#00ff00"
                  },
                  "43": {
                    "hex": "#00ff00"
                  },
                  "44": {
                    "hex": "#00ff00"
                  },
                  "45": {
                    "hex": "#00ff00"
                  },
                  "46": {
                    "hex": "#00ff00"
                  },
                  "47": {
                    "hex": "#00ff00"
                  },
                  "48": {
                    "hex": "#00ff00"
                  },
                  "49": {
                    "hex": "#00ff00"
                  },
                  "5": {
                    "hex": "#00ff00"
                  },
                  "50": {
                    "hex": "#00ff00"
                  },
                  "51": {
                    "hex": "#00ff00"
                  },
                  "52": {
                    "hex": "#00ff00"
                  },
                  "53": {
                    "hex": "#00ff00"
                  },
                  "54": {
                    "hex": "#00ff00"
                  },
                  "55": {
                    "hex": "#00ff00"
                  },
                  "56": {
                    "hex": "#00ff00"
                  },
                  "57": {
                    "hex": "#00ff00"
                  },
                  "58": {
                    "hex": "#0000ff"
                  },
                  "59": {
                    "hex": "#0000ff"
                  },
                  "6": {
                    "hex": "#00ff00"
                  },
                  "60": {
                    "hex": "#0000ff"
                  },
                  "61": {
                    "hex": "#0000ff"
                  },
                  "62": {
                    "hex": "#0000ff"
                  },
                  "63": {
                    "hex": "#0000ff"
                  },
                  "64": {
                    "hex": "#0000ff"
                  },
                  "65": {
                    "hex": "#0000ff"
                  },
                  "66": {
                    "hex": "#0000ff"
                  },
                  "67": {
                    "hex": "#0000ff"
                  },
                  "68": {
                    "hex": "#0000ff"
                  },
                  "69": {
                    "hex": "#0000ff"
                  },
                  "7": {
                    "hex": "#00ff00"
                  },
                  "70": {
                    "hex": "#0000ff"
                  },
                  "71": {
                    "hex": "#0000ff"
                  },
                  "72": {
                    "hex": "#0000ff"
                  },
                  "73": {
                    "hex": "#0000ff"
                  },
                  "74": {
                    "hex": "#0000ff"
                  },
                  "75": {
                    "hex": "#0000ff"
                  },
                  "76": {
                    "hex": "#0000ff"
                  },
                  "77": {
                    "hex": "#0000ff"
                  },
                  "78": {
                    "hex": "#0000ff"
                  },
                  "79": {
                    "hex": "#0000ff"
                  },
                  "8": {
                    "hex": "#00ff00"
                  },
                  "80": {
                    "hex": "#0000ff"
                  },
                  "81": {
                    "hex": "#0000ff"
                  },
                  "82": {
                    "hex": "#0000ff"
                  },
                  "83": {
                    "hex": "#00ff00"
                  },
                  "84": {
                    "hex": "#00ff00"
                  },
                  "85": {
                    "hex": "#00ff00"
                  },
                  "86": {
                    "hex": "#00ff00"
                  },
                  "87": {
                    "hex": "#00ff00"
                  },
                  "88": {
                    "hex": "#00ff00"
                  },
                  "89": {
                    "hex": "#00ff00"
                  },
                  "9": {
                    "hex": "#00ff00"
                  },
                  "90": {
                    "hex": "#00ff00"
                  },
                  "91": {
                    "hex": "#00ff00"
                  },
                  "92": {
                    "hex": "#00ff00"
                  },
                  "93": {
                    "hex": "#00ff00"
                  },
                  "94": {
                    "hex": "#00ff00"
                  },
                  "95": {
                    "hex": "#00ff00"
                  },
                  "96": {
                    "hex": "#00ff00"
                  },
                  "97": {
                    "hex": "#00ff00"
                  },
                  "98": {
                    "hex": "#00ff00"
                  },
                  "99": {
                    "hex": "#00ff00"
                  }
                }
              }
            }
          }
        }
      },
      "2": {
        "curveType": "LINEAR",
        "length": 15,
        "lightingSlots": {
          "infoMap": {
            "PERKEY_BRANDING": {
              "perKeyMap": {
                "colorCodeMap": {
                  "0": {
                    "hex": "#00dcff"
                  },
                  "1": {
                    "hex": "#00ff00"
                  },
                  "2": {
                    "hex": "#00ff00"
                  }
                }
              }
            },
            "PERKEY_CONSUMER": {
              "perKeyMap": {
                "colorCodeMap": {
                  "0": {
                    "hex": "#00dcff"
                  },
                  "181": {
                    "hex": "#00ff00"
                  },
                  "182": {
                    "hex": "#00ff00"
                  },
                  "183": {
                    "hex": "#00ff00"
                  },
                  "205": {
                    "hex": "#00ff00"
                  },
                  "226": {
                    "hex": "#00ff00"
                  }
                }
              }
            },
            "PERKEY_GKEY": {
              "perKeyMap": {
                "colorCodeMap": {
                  "0": {
                    "hex": "#00cdff"
                  },
                  "1": {
                    "hex": "#00ff00"
                  },
                  "2": {
                    "hex": "#00ff00"
                  },
                  "3": {
                    "hex": "#00ff00"
                  },
                  "4": {
                    "hex": "#00ff00"
                  },
                  "5": {
                    "hex": "#00ff00"
                  },
                  "6": {
                    "hex": "#00ff00"
                  },
                  "7": {
                    "hex": "#00ff00"
                  },
                  "8": {
                    "hex": "#00ff00"
                  },
                  "9": {
                    "hex": "#00ff00"
                  }
                }
              }
            },
            "PERKEY_INDICATOR": {
              "perKeyMap": {
                "colorCodeMap": {
                  "0": {
                    "hex": "#00dcff"
                  },
                  "1": {
                    "hex": "#00ff00"
                  },
                  "2": {
                    "hex": "#00ff00"
                  },
                  "3": {
                    "hex": "#00ff00"
                  },
                  "4": {
                    "hex": "#00ff00"
                  },
                  "5": {
                    "hex": "#00ff00"
                  }
                }
              }
            },
            "PERKEY_KEYBOARD": {
              "perKeyMap": {
                "colorCodeMap": {
                  "0": {
                    "hex": "#00dcff"
                  },
                  "10": {
                    "hex": "#ff0000"
                  },
                  "100": {
                    "hex": "#ff0000"
                  },
                  "101": {
                    "hex": "#ff0000"
                  },
                  "11": {
                    "hex": "#ff0000"
                  },
                  "12": {
                    "hex": "#ff0000"
                  },
                  "13": {
                    "hex": "#ff0000"
                  },
                  "135": {
                    "hex": "#ff0000"
                  },
                  "136": {
                    "hex": "#ff0000"
                  },
                  "137": {
                    "hex": "#ff0000"
                  },
                  "138": {
                    "hex": "#ff0000"
                  },
                  "139": {
                    "hex": "#ff0000"
                  },
                  "14": {
                    "hex": "#ff0000"
                  },
                  "15": {
                    "hex": "#ff0000"
                  },
                  "16": {
                    "hex": "#ff0000"
                  },
                  "17": {
                    "hex": "#ff0000"
                  },
                  "18": {
                    "hex": "#ff0000"
                  },
                  "19": {
                    "hex": "#ff0000"
                  },
                  "20": {
                    "hex": "#ff0000"
                  },
                  "21": {
                    "hex": "#ff0000"
                  },
                  "22": {
                    "hex": "#ff0000"
                  },
                  "224": {
                    "hex": "#ff0000"
                  },
                  "225": {
                    "hex": "#ff0000"
                  },
                  "226": {
                    "hex": "#ff0000"
                  },
                  "227": {
                    "hex": "#ff0000"
                  },
                  "228": {
                    "hex": "#ff0000"
                  },
                  "229": {
                    "hex": "#ff0000"
                  },
                  "23": {
                    "hex": "#ff0000"
                  },
                  "230": {
                    "hex": "#ff0000"
                  },
                  "231": {
                    "hex": "#ff0000"
                  },
                  "24": {
                    "hex": "#ff0000"
                  },
                  "25": {
                    "hex": "#ff0000"
                  },
                  "26": {
                    "hex": "#ff0000"
                  },
                  "27": {
                    "hex": "#ff0000"
                  },
                  "28": {
                    "hex": "#ff0000"
                  },
                  "29": {
                    "hex": "#ff0000"
                  },
                  "30": {
                    "hex": "#ff0000"
                  },
                  "31": {
                    "hex": "#ff0000"
                  },
                  "32": {
                    "hex": "#ff0000"
                  },
                  "33": {
                    "hex": "#ff0000"
                  },
                  "34": {
                    "hex": "#ff0000"
                  },
                  "35": {
                    "hex": "#ff0000"
                  },
                  "36": {
                    "hex": "#ff0000"
                  },
                  "37": {
                    "hex": "#ff0000"
                  },
                  "38": {
                    "hex": "#ff0000"
                  },
                  "39": {
                    "hex": "#ff0000"
                  },
                  "4": {
                    "hex": "#ff0000"
                  },
                  "40": {
                    "hex": "#ff0000"
                  },
                  "41": {
                    "hex": "#00ff00"
                  },
                  "42": {
                    "hex": "#ff0000"
                  },
                  "43": {
                    "hex": "#ff0000"
                  },
                  "44": {
                    "hex": "#ff0000"
                  },
                  "45": {
                    "hex": "#ff0000"
                  },
                  "46": {
                    "hex": "#ff0000"
                  },
                  "47": {
                    "hex": "#ff0000"
                  },
                  "48": {
                    "hex": "#ff0000"
                  },
                  "49": {
                    "hex": "#ff0000"
                  },
                  "5": {
                    "hex": "#ff0000"
                  },
                  "50": {
                    "hex": "#ff0000"
                  },
                  "51": {
                    "hex": "#ff0000"
                  },
                  "52": {
                    "hex": "#ff0000"
                  },
                  "53": {
                    "hex": "#ff0000"
                  },
                  "54": {
                    "hex": "#ff0000"
                  },
                  "55": {
                    "hex": "#ff0000"
                  },
                  "56": {
                    "hex": "#ff0000"
                  },
                  "57": {
                    "hex": "#ff0000"
                  },
                  "58": {
                    "hex": "#00ff00"
                  },
                  "59": {
                    "hex": "#00ff00"
                  },
                  "6": {
                    "hex": "#ff0000"
                  },
                  "60": {
                    "hex": "#00ff00"
                  },
                  "61": {
                    "hex": "#00ff00"
                  },
                  "62": {
                    "hex": "#00ff00"
                  },
                  "63": {
                    "hex": "#00ff00"
                  },
                  "64": {
                    "hex": "#00ff00"
                  },
                  "65": {
                    "hex": "#00ff00"
                  },
                  "66": {
                    "hex": "#00ff00"
                  },
                  "67": {
                    "hex": "#00ff00"
                  },
                  "68": {
                    "hex": "#00ff00"
                  },
                  "69": {
                    "hex": "#00ff00"
                  },
                  "7": {
                    "hex": "#ff0000"
                  },
                  "70": {
                    "hex": "#00ff00"
                  },
                  "71": {
                    "hex": "#00ff00"
                  },
                  "72": {
                    "hex": "#00ff00"
                  },
                  "73": {
                    "hex": "#00ff00"
                  },
                  "74": {
                    "hex": "#00ff00"
                  },
                  "75": {
                    "hex": "#00ff00"
                  },
                  "76": {
                    "hex": "#00ff00"
                  },
                  "77": {
                    "hex": "#00ff00"
                  },
                  "78": {
                    "hex": "#00ff00"
                  },
                  "79": {
                    "hex": "#00ff00"
                  },
                  "8": {
                    "hex": "#ff0000"
                  },
                  "80": {
                    "hex": "#00ff00"
                  },
                  "81": {
                    "hex": "#00ff00"
                  },
                  "82": {
                    "hex": "#00ff00"
                  },
                  "83": {
                    "hex": "#ff0000"
                  },
                  "84": {
                    "hex": "#ff0000"
                  },
                  "85": {
                    "hex": "#ff0000"
                  },
                  "86": {
                    "hex": "#ff0000"
                  },
                  "87": {
                    "hex": "#ff0000"
                  },
                  "88": {
                    "hex": "#ff0000"
                  },
                  "89": {
                    "hex": "#ff0000"
                  },
                  "9": {
                    "hex": "#ff0000"
                  },
                  "90": {
                    "hex": "#ff0000"
                  },
                  "91": {
                    "hex": "#ff0000"
                  },
                  "92": {
                    "hex": "#ff0000"
                  },
                  "93": {
                    "hex": "#ff0000"
                  },
                  "94": {
                    "hex": "#ff0000"
                  },
                  "95": {
                    "hex": "#ff0000"
                  },
                  "96": {
                    "hex": "#ff0000"
                  },
                  "97": {
                    "hex": "#ff0000"
                  },
                  "98": {
                    "hex": "#ff0000"
                  },
                  "99": {
                    "hex": "#ff0000"
                  }
                }
              }
            }
          }
        }
      }
    },
    "speed": 200
  }
}
