{
  "devices": [
    {
      "modelId": "g435",
      "displayName": "G435",
      "extendedDisplayName": "G435",
      "slotPrefix": "g435",
      "type": "HID_DEVICE",
      "modes": [
        {
          "interfaces": [
            {
              "type": "HIDIO",
              "id": "HID_046d_0acb_000b0001"
            }
          ]
        }
      ],
      "capabilities": {
        "non_interactive": true
      }
    },
    {
      "modelId": "g435v2",
      "displayName": "G435",
      "extendedDisplayName": "G435",
      "slotPrefix": "g435v2",
      "type": "HID_DEVICE",
      "modes": [
        {
          "interfaces": [
            {
              "type": "HIDIO",
              "id": "HID_046d_0adf_000c0001"
            }
          ]
        }
      ],
      "capabilities": {
        "non_interactive": true
      }
    }
  ]
}
