{
  "devices": [
    {
      "modelId": "g903_hero",
      "displayName": "G903 LIGHTSPEED",
      "extendedDisplayName": "G903 LIGHTSPEED Wireless Gaming Mouse",
      "slotPrefix": "g903hero",
      "type": "MOUSE",
      "depot": "g903_hero",
      "dfuDepot": "g903_hero_dfu",
      "thumbnail": "pipeline://core/thumbnails/g900.png",
      "modes": [
        {
          "interfaces": [
            {
              "type": "DEVIO",
              "id": "046d_c091"
            }
          ]
        },
        {
          "interfaces": [
            {
              "type": "DEVIO",
              "id": "046d_4087"
            }
          ]
        },
        {
          "interfaces": [
            {
              "type": "DEVIO",
              "id": "046d_aaf7"
            }
          ]
        }
      ],
      "capabilities": {
        "receiverPairing": {
          "receiverType": "LS1",
          "pairingAction": "ACTION_POWER_CYCLE"
        },
        "chargepadCompatible": true,
        "maskableZones": {
          "zones": [
            {
              "id": "left_side",
              "slotIds": [
                "g903hero_g4_m1",
                "g903hero_g4_m1_shifted",
                "g903hero_g5_m1",
                "g903hero_g5_m1_shifted"
              ],
              "displayIconKey": "mouse_2_buttons_left_icon",
              "renderIconKey": "cover_image_left"
            },
            {
              "id": "right_side",
              "slotIds": [
                "g903hero_g6_m1",
                "g903hero_g6_m1_shifted",
                "g903hero_g7_m1",
                "g903hero_g7_m1_shifted"
              ],
              "displayIconKey": "mouse_2_buttons_right_icon",
              "renderIconKey": "cover_image_right"
            }
          ]
        },
        "lightingSupport": {
          "deviceCategory": "MOUSE_RGB_ZONAL",
          "typeMap": {
            "ZONE_PRIMARY": "PRIMARY",
            "ZONE_BRANDING": "LOGO"
          },
          "zones": [
            {
              "zoneType": "ZONE_PRIMARY",
              "supportedEffects": [
                {
                  "id": "OFF",
                  "syncable": true
                },
                {
                  "id": "FIXED",
                  "syncable": true
                },
                {
                  "id": "CYCLE",
                  "syncable": true
                },
                {
                  "id": "BREATHING",
                  "syncable": true
                }
              ]
            },
            {
              "zoneType": "ZONE_BRANDING",
              "supportedEffects": [
                {
                  "id": "OFF",
                  "syncable": true
                },
                {
                  "id": "FIXED",
                  "syncable": true
                },
                {
                  "id": "CYCLE",
                  "syncable": true
                },
                {
                  "id": "BREATHING",
                  "syncable": true
                }
              ]
            }
          ],
          "powerSavingEffect": true,
          "lowBatteryEffect": true
        },
        "onboardCycleId": {
          "value": 11
        },
        "hasBatteryStatus": true,
        "dpiLighting": true
      }
    },
    {
      "modelId": "g910v1",
      "displayName": "G910",
      "extendedDisplayName": "G910 Orion Spark",
      "slotPrefix": "g910",
      "type": "KEYBOARD",
      "depotPrefix": "g910",
      "thumbnail": "pipeline://core/thumbnails/g910.png",
      "modes": [
        {
          "interfaces": [
            {
              "type": "DEVIO",
              "id": "046d_c32b"
            }
          ]
        }
      ],
      "capabilities": {
        "lightingSupport": {
          "deviceCategory": "KEYBOARD_RGB_PER_KEY",
          "typeMap": {
            "PERKEY_KEYBOARD": "HID_KEYBOARD",
            "PERKEY_BRANDING": "LOGO",
            "PERKEY_GKEY": "G_KEY",
            "ZONE_PRIMARY": "PRIMARY",
            "ZONE_BRANDING": "LOGO"
          },
          "zones": [
            {
              "zoneType": "ZONE_PRIMARY",
              "supportedEffects": [
                {
                  "id": "OFF",
                  "syncable": true
                },
                {
                  "id": "FIXED",
                  "syncable": true
                },
                {
                  "id": "CYCLE",
                  "syncable": true,
                  "fixedIntensity": true
                },
                {
                  "id": "COLORWAVE",
                  "syncable": false,
                  "fixedIntensity": true
                },
                {
                  "id": "BREATHING",
                  "syncable": true,
                  "fixedIntensity": true
                }
              ]
            },
            {
              "zoneType": "ZONE_BRANDING",
              "supportedEffects": [
                {
                  "id": "OFF",
                  "syncable": true
                },
                {
                  "id": "FIXED",
                  "syncable": true
                },
                {
                  "id": "CYCLE",
                  "syncable": true,
                  "fixedIntensity": true
                },
                {
                  "id": "BREATHING",
                  "syncable": true,
                  "fixedIntensity": true
                }
              ]
            }
          ],
          "isPerKey": true
        },
        "mstateSupport": {
          "count": 3
        },
        "gkeyLayout": "GKEY_LEFT_COLUMN_5_TOP_ROW_4"
      }
    },
    {
      "modelId": "g910v2",
      "displayName": "G910",
      "extendedDisplayName": "G910 Orion Spectrum",
      "slotPrefix": "g910",
      "type": "KEYBOARD",
      "depotPrefix": "g910",
      "thumbnail": "pipeline://core/thumbnails/g910.png",
      "modes": [
        {
          "interfaces": [
            {
              "type": "DEVIO",
              "id": "046d_c335"
            }
          ]
        }
      ],
      "capabilities": {
        "lightingSupport": {
          "deviceCategory": "KEYBOARD_RGB_PER_KEY",
          "typeMap": {
            "PERKEY_KEYBOARD": "HID_KEYBOARD",
            "PERKEY_BRANDING": "LOGO",
            "PERKEY_GKEY": "G_KEY",
            "ZONE_PRIMARY": "PRIMARY",
            "ZONE_BRANDING": "LOGO"
          },
          "zones": [
            {
              "zoneType": "ZONE_PRIMARY",
              "supportedEffects": [
                {
                  "id": "OFF",
                  "syncable": true
                },
                {
                  "id": "FIXED",
                  "syncable": true
                },
                {
                  "id": "CYCLE",
                  "syncable": true,
                  "fixedIntensity": true
                },
                {
                  "id": "COLORWAVE",
                  "syncable": false,
                  "fixedIntensity": true
                },
                {
                  "id": "BREATHING",
                  "syncable": true,
                  "fixedIntensity": true
                }
              ]
            },
            {
              "zoneType": "ZONE_BRANDING",
              "supportedEffects": [
                {
                  "id": "OFF",
                  "syncable": true
                },
                {
                  "id": "FIXED",
                  "syncable": true
                },
                {
                  "id": "CYCLE",
                  "syncable": true,
                  "fixedIntensity": true
                },
                {
                  "id": "BREATHING",
                  "syncable": true,
                  "fixedIntensity": true
                }
              ]
            }
          ],
          "isPerKey": true
        },
        "mstateSupport": {
          "count": 3
        },
        "gkeyLayout": "GKEY_LEFT_COLUMN_5_TOP_ROW_4"
      }
    },
    {
      "modelId": "g915",
      "displayName": "G915",
      "extendedDisplayName": "G915 Wireless RGB Mechanical Gaming Keyboard",
      "slotPrefix": "g915",
      "type": "KEYBOARD",
      "depotPrefix": "g915",
      "dfuDepot": "g915_dfu",
      "thumbnail": "pipeline://core/thumbnails/g915.png",
      "modes": [
        {
          "interfaces": [
            {
              "type": "DEVIO",
              "id": "046d_407c",
              "derivatives": [
                {
                  "extendedModel": 3,
                  "displayName": "G913",
                  "extendedDisplayName": "G913 Wireless RGB Mechanical Gaming Keyboard"
                },
                {
                  "extendedModel": 4,
                  "displayName": "G913",
                  "extendedDisplayName": "G913 Wireless RGB Mechanical Gaming Keyboard"
                },
                {
                  "extendedModel": 5,
                  "displayName": "G913",
                  "extendedDisplayName": "G913 Wireless RGB Mechanical Gaming Keyboard"
                }
              ]
            }
          ]
        },
        {
          "interfaces": [
            {
              "type": "DEVIO",
              "id": "046d_c33e",
              "derivatives": [
                {
                  "extendedModel": 3,
                  "displayName": "G913",
                  "extendedDisplayName": "G913 Wireless RGB Mechanical Gaming Keyboard"
                },
                {
                  "extendedModel": 4,
                  "displayName": "G913",
                  "extendedDisplayName": "G913 Wireless RGB Mechanical Gaming Keyboard"
                },
                {
                  "extendedModel": 5,
                  "displayName": "G913",
                  "extendedDisplayName": "G913 Wireless RGB Mechanical Gaming Keyboard"
                }
              ]
            }
          ]
        },
        {
          "interfaces": [
            {
              "type": "DEVIO",
              "id": "046d_aae3",
              "derivatives": [
                {
                  "extendedModel": 3,
                  "displayName": "G913",
                  "extendedDisplayName": "G913 Wireless RGB Mechanical Gaming Keyboard"
                },
                {
                  "extendedModel": 4,
                  "displayName": "G913",
                  "extendedDisplayName": "G913 Wireless RGB Mechanical Gaming Keyboard"
                },
                {
                  "extendedModel": 5,
                  "displayName": "G913",
                  "extendedDisplayName": "G913 Wireless RGB Mechanical Gaming Keyboard"
                }
              ]
            }
          ]
        },
        {
          "interfaces": [
            {
              "type": "DEVIO",
              "id": "046d_b354",
              "derivatives": [
                {
                  "extendedModel": 3,
                  "displayName": "G913",
                  "extendedDisplayName": "G913 Wireless RGB Mechanical Gaming Keyboard"
                },
                {
                  "extendedModel": 4,
                  "displayName": "G913",
                  "extendedDisplayName": "G913 Wireless RGB Mechanical Gaming Keyboard"
                },
                {
                  "extendedModel": 5,
                  "displayName": "G913",
                  "extendedDisplayName": "G913 Wireless RGB Mechanical Gaming Keyboard"
                }
              ]
            }
          ]
        }
      ],
      "capabilities": {
        "receiverPairing": {
          "receiverType": "LS2",
          "pairingAction": "ACTION_LONG_PRESS"
        },
        "lightingSupport": {
          "deviceCategory": "KEYBOARD_RGB_PER_KEY",
          "typeMap": {
            "PERKEY_KEYBOARD": "HID_KEYBOARD",
            "PERKEY_INDICATOR": "KEYBOARD_OTHER",
            "PERKEY_CONSUMER": "HID_CONSUMER",
            "PERKEY_BRANDING": "LOGO",
            "PERKEY_GKEY": "G_KEY",
            "ZONE_PRIMARY": "PRIMARY",
            "ZONE_BRANDING": "LOGO"
          },
          "zones": [
            {
              "zoneType": "ZONE_PRIMARY",
              "supportedEffects": [
                {
                  "id": "OFF",
                  "syncable": true
                },
                {
                  "id": "FIXED",
                  "syncable": true
                },
                {
                  "id": "CYCLE",
                  "syncable": true
                },
                {
                  "id": "COLORWAVE",
                  "syncable": false
                },
                {
                  "id": "BREATHING",
                  "syncable": true
                },
                {
                  "id": "RIPPLE",
                  "syncable": false
                },
                {
                  "id": "CUSTOM",
                  "syncable": false,
                  "fixedIntensity": true
                }
              ]
            },
            {
              "zoneType": "ZONE_BRANDING",
              "supportedEffects": [
                {
                  "id": "OFF",
                  "syncable": true
                },
                {
                  "id": "FIXED",
                  "syncable": true
                },
                {
                  "id": "CYCLE",
                  "syncable": true
                },
                {
                  "id": "BREATHING",
                  "syncable": true
                }
              ]
            }
          ],
          "hideStartupEffect": true,
          "isPerKey": true,
          "persistence": {
            "customEffects": {
              "slots": 2,
              "entityOffset": 3
            }
          },
          "powerSavingEffect": true,
          "lowBatteryEffect": true,
          "brightnessPercentage": true
        },
        "presentSplashScreen": true,
        "hasBatteryStatus": true,
        "mstateSupport": {
          "count": 3
        },
        "gkeyLayout": "GKEY_LEFT_COLUMN_5"
      }
    },
    {
      "modelId": "g915_tkl",
      "displayName": "G915 TKL",
      "extendedDisplayName": "G915 TKL Wireless RGB Mechanical Gaming Keyboard",
      "slotPrefix": "g915tkl",
      "type": "KEYBOARD",
      "depotPrefix": "g915_tkl",
      "dfuDepot": "g915_tkl_dfu",
      "thumbnail": "pipeline://core/thumbnails/g915_tkl.png",
      "modes": [
        {
          "interfaces": [
            {
              "type": "DEVIO",
              "id": "046d_c343",
              "derivatives": [
                {
                  "extendedModel": 3,
                  "displayName": "G913 TKL",
                  "extendedDisplayName": "G913 TKL Wireless RGB Mechanical Gaming Keyboard"
                },
                {
                  "extendedModel": 4,
                  "displayName": "G913 TKL",
                  "extendedDisplayName": "G913 TKL Wireless RGB Mechanical Gaming Keyboard"
                },
                {
                  "extendedModel": 5,
                  "displayName": "G913 TKL",
                  "extendedDisplayName": "G913 TKL Wireless RGB Mechanical Gaming Keyboard"
                },
                {
                  "extendedModel": 6,
                  "modelId": "g915_tkl_white",
                  "thumbnail": "pipeline://core/thumbnails/g915_tkl_white.png"
                },
                {
                  "extendedModel": 7,
                  "modelId": "g915_tkl_white",
                  "displayName": "G913 TKL",
                  "thumbnail": "pipeline://core/thumbnails/g915_tkl_white.png",
                  "extendedDisplayName": "G913 TKL Wireless RGB Mechanical Gaming Keyboard"
                },
                {
                  "extendedModel": 8,
                  "modelId": "g915_tkl_white",
                  "thumbnail": "pipeline://core/thumbnails/g915_tkl_white.png"
                },
                {
                  "extendedModel": 9,
                  "modelId": "g915_tkl_white",
                  "thumbnail": "pipeline://core/thumbnails/g915_tkl_white.png"
                },
                {
                  "extendedModel": 10,
                  "modelId": "g915_tkl_white",
                  "displayName": "G913 TKL",
                  "thumbnail": "pipeline://core/thumbnails/g915_tkl_white.png",
                  "extendedDisplayName": "G913 TKL Wireless RGB Mechanical Gaming Keyboard"
                },
                {
                  "extendedModel": 11,
                  "modelId": "g915_tkl_white",
                  "displayName": "G913 TKL",
                  "thumbnail": "pipeline://core/thumbnails/g915_tkl_white.png",
                  "extendedDisplayName": "G913 TKL Wireless RGB Mechanical Gaming Keyboard"
                }
              ]
            }
          ]
        },
        {
          "interfaces": [
            {
              "type": "DEVIO",
              "id": "046d_408e",
              "derivatives": [
                {
                  "extendedModel": 3,
                  "displayName": "G913 TKL",
                  "extendedDisplayName": "G913 TKL Wireless RGB Mechanical Gaming Keyboard"
                },
                {
                  "extendedModel": 4,
                  "displayName": "G913 TKL",
                  "extendedDisplayName": "G913 TKL Wireless RGB Mechanical Gaming Keyboard"
                },
                {
                  "extendedModel": 5,
                  "displayName": "G913 TKL",
                  "extendedDisplayName": "G913 TKL Wireless RGB Mechanical Gaming Keyboard"
                },
                {
                  "extendedModel": 6,
                  "modelId": "g915_tkl_white",
                  "thumbnail": "pipeline://core/thumbnails/g915_tkl_white.png"
                },
                {
                  "extendedModel": 7,
                  "modelId": "g915_tkl_white",
                  "displayName": "G913 TKL",
                  "thumbnail": "pipeline://core/thumbnails/g915_tkl_white.png",
                  "extendedDisplayName": "G913 TKL Wireless RGB Mechanical Gaming Keyboard"
                },
                {
                  "extendedModel": 8,
                  "modelId": "g915_tkl_white",
                  "thumbnail": "pipeline://core/thumbnails/g915_tkl_white.png"
                },
                {
                  "extendedModel": 9,
                  "modelId": "g915_tkl_white",
                  "thumbnail": "pipeline://core/thumbnails/g915_tkl_white.png"
                },
                {
                  "extendedModel": 10,
                  "modelId": "g915_tkl_white",
                  "displayName": "G913 TKL",
                  "thumbnail": "pipeline://core/thumbnails/g915_tkl_white.png",
                  "extendedDisplayName": "G913 TKL Wireless RGB Mechanical Gaming Keyboard"
                },
                {
                  "extendedModel": 11,
                  "modelId": "g915_tkl_white",
                  "displayName": "G913 TKL",
                  "thumbnail": "pipeline://core/thumbnails/g915_tkl_white.png",
                  "extendedDisplayName": "G913 TKL Wireless RGB Mechanical Gaming Keyboard"
                }
              ]
            }
          ]
        },
        {
          "interfaces": [
            {
              "type": "DEVIO",
              "id": "046d_b35f",
              "derivatives": [
                {
                  "extendedModel": 3,
                  "displayName": "G913 TKL",
                  "extendedDisplayName": "G913 TKL Wireless RGB Mechanical Gaming Keyboard"
                },
                {
                  "extendedModel": 4,
                  "displayName": "G913 TKL",
                  "extendedDisplayName": "G913 TKL Wireless RGB Mechanical Gaming Keyboard"
                },
                {
                  "extendedModel": 5,
                  "displayName": "G913 TKL",
                  "extendedDisplayName": "G913 TKL Wireless RGB Mechanical Gaming Keyboard"
                },
                {
                  "extendedModel": 6,
                  "modelId": "g915_tkl_white",
                  "thumbnail": "pipeline://core/thumbnails/g915_tkl_white.png"
                },
                {
                  "extendedModel": 7,
                  "modelId": "g915_tkl_white",
                  "displayName": "G913 TKL",
                  "thumbnail": "pipeline://core/thumbnails/g915_tkl_white.png",
                  "extendedDisplayName": "G915 TKL Wireless RGB Mechanical Gaming Keyboard"
                },
                {
                  "extendedModel": 8,
                  "modelId": "g915_tkl_white",
                  "thumbnail": "pipeline://core/thumbnails/g915_tkl_white.png"
                },
                {
                  "extendedModel": 9,
                  "modelId": "g915_tkl_white",
                  "thumbnail": "pipeline://core/thumbnails/g915_tkl_white.png"
                },
                {
                  "extendedModel": 10,
                  "modelId": "g915_tkl_white",
                  "displayName": "G913 TKL",
                  "thumbnail": "pipeline://core/thumbnails/g915_tkl_white.png",
                  "extendedDisplayName": "G915 TKL Wireless RGB Mechanical Gaming Keyboard"
                },
                {
                  "extendedModel": 11,
                  "modelId": "g915_tkl_white",
                  "displayName": "G913 TKL",
                  "thumbnail": "pipeline://core/thumbnails/g915_tkl_white.png",
                  "extendedDisplayName": "G915 TKL Wireless RGB Mechanical Gaming Keyboard"
                }
              ]
            }
          ]
        },
        {
          "interfaces": [
            {
              "type": "DEVIO",
              "id": "046d_aafb"
            }
          ]
        }
      ],
      "capabilities": {
        "receiverPairing": {
          "receiverType": "LS2",
          "pairingAction": "ACTION_LONG_PRESS"
        },
        "lightingSupport": {
          "deviceCategory": "KEYBOARD_RGB_PER_KEY",
          "typeMap": {
            "PERKEY_KEYBOARD": "HID_KEYBOARD",
            "PERKEY_BRANDING": "LOGO",
            "PERKEY_INDICATOR": "KEYBOARD_OTHER",
            "PERKEY_CONSUMER": "HID_CONSUMER",
            "ZONE_PRIMARY": "PRIMARY",
            "ZONE_BRANDING": "LOGO"
          },
          "zones": [
            {
              "zoneType": "ZONE_PRIMARY",
              "supportedEffects": [
                {
                  "id": "OFF",
                  "syncable": true
                },
                {
                  "id": "FIXED",
                  "syncable": true
                },
                {
                  "id": "CYCLE",
                  "syncable": true
                },
                {
                  "id": "COLORWAVE",
                  "syncable": false
                },
                {
                  "id": "BREATHING",
                  "syncable": true
                },
                {
                  "id": "RIPPLE",
                  "syncable": false
                },
                {
                  "id": "CUSTOM",
                  "syncable": false
                }
              ]
            },
            {
              "zoneType": "ZONE_BRANDING",
              "supportedEffects": [
                {
                  "id": "OFF",
                  "syncable": true
                },
                {
                  "id": "FIXED",
                  "syncable": true
                },
                {
                  "id": "CYCLE",
                  "syncable": true
                },
                {
                  "id": "BREATHING",
                  "syncable": true
                }
              ]
            }
          ],
          "hideStartupEffect": true,
          "isPerKey": true,
          "persistence": {
            "customEffects": {
              "slots": 2,
              "entityOffset": 3
            }
          },
          "powerSavingEffect": true,
          "lowBatteryEffect": true,
          "brightnessPercentage": true
        },
        "reportHidControls": {
          "pages": [
            {
              "page": 7,
              "usages": [
                {
                  "usage": 58,
                  "button": 1
                },
                {
                  "usage": 59,
                  "button": 2
                },
                {
                  "usage": 60,
                  "button": 3
                },
                {
                  "usage": 61,
                  "button": 4
                },
                {
                  "usage": 62,
                  "button": 5
                },
                {
                  "usage": 63,
                  "button": 6
                },
                {
                  "usage": 64,
                  "button": 7
                },
                {
                  "usage": 65,
                  "button": 8
                },
                {
                  "usage": 66,
                  "button": 9
                },
                {
                  "usage": 67,
                  "button": 10
                },
                {
                  "usage": 68,
                  "button": 11
                },
                {
                  "usage": 69,
                  "button": 12
                }
              ]
            }
          ]
        },
        "mstateSupport": {
          "count": 3,
          "timeOut": 5
        },
        "gkeyLayout": "GKEY_FUNCTION_KEYS_ROW_12",
        "hasBatteryStatus": true
      }
    },
    {
      "modelId": "g920",
      "displayName": "G920",
      "extendedDisplayName": "G920 Driving Force Racing Wheel",
      "slotPrefix": "g920",
      "type": "STEERING_WHEEL",
      "depot": "g920",
      "thumbnail": "pipeline://core/thumbnails/g920.png",
      "modes": [
        {
          "interfaces": [
            {
              "type": "HIDIO",
              "id": "MASKABLE_046d_c262_00010004"
            },
            {
              "type": "HIDIO",
              "id": "HID_046d_c262_ff430604"
            }
          ]
        }
      ],
      "setupInterfaces": [
        {
          "type": "HIDIO",
          "id": "USB_046d_c261"
        },
        {
          "type": "HIDIO",
          "id": "USB_046d_c261_00"
        }
      ],
      "capabilities": {
        "hidio": {
          "disabledControls": [
            {
              "interfaceId": "MASKABLE_046d_c262_00010004",
              "page": 9,
              "usage": 19
            },
            {
              "interfaceId": "MASKABLE_046d_c262_00010004",
              "page": 9,
              "usage": 20
            },
            {
              "interfaceId": "MASKABLE_046d_c262_00010004",
              "page": 9,
              "usage": 21
            }
          ]
        },
        "axisMonitor": {
          "axes": [
            {
              "axisId": "WHEEL",
              "interfaceId": "MASKABLE_046d_c262_00010004",
              "controlPage": 1,
              "controlUsage": 48
            },
            {
              "axisId": "BRAKE",
              "interfaceId": "MASKABLE_046d_c262_00010004",
              "controlPage": 1,
              "controlUsage": 50
            },
            {
              "axisId": "CLUTCH",
              "interfaceId": "MASKABLE_046d_c262_00010004",
              "controlPage": 1,
              "controlUsage": 53
            },
            {
              "axisId": "ACCELERATOR",
              "interfaceId": "MASKABLE_046d_c262_00010004",
              "controlPage": 1,
              "controlUsage": 49
            }
          ]
        },
        "gamingAttachments": {
          "attachments": [
            {
              "id": "DAYLIGHT_STARLIGHT_SHIFTER",
              "slotIds": [
                "g920_g12_m1",
                "g920_g13_m1",
                "g920_g14_m1",
                "g920_g15_m1",
                "g920_g16_m1",
                "g920_g17_m1",
                "g920_g18_m1",
                "g920_g12_m1_shifted",
                "g920_g13_m1_shifted",
                "g920_g14_m1_shifted",
                "g920_g15_m1_shifted",
                "g920_g16_m1_shifted",
                "g920_g17_m1_shifted",
                "g920_g18_m1_shifted"
              ]
            },
            {
              "id": "DAYLIGHT_STARLIGHT_PEDALS",
              "slotIds": [
                "g920_pedal_settings"
              ]
            }
          ]
        }
      }
    },
    {
      "modelId": "g923_xbox",
      "displayName": "G923",
      "extendedDisplayName": "G923 Racing Wheel for XBox One and PC",
      "slotPrefix": "g923-xbox",
      "type": "STEERING_WHEEL",
      "depot": "g923_xbox",
      "dfuDepot": "g923_xbox_dfu",
      "thumbnail": "pipeline://core/thumbnails/g923_xbox.png",
      "modes": [
        {
          "interfaces": [
            {
              "type": "DEVIO",
              "id": "046d_c26e"
            },
            {
              "type": "HIDIO",
              "id": "HID_046d_c26e_00010004"
            }
          ]
        },
        {
          "interfaces": [
            {
              "type": "DEVIO",
              "id": "046d_aaf1"
            }
          ]
        }
      ],
      "setupInterfaces": [
        {
          "type": "HIDIO",
          "id": "USB_046d_c26d"
        },
        {
          "type": "HIDIO",
          "id": "USB_046d_c26d_00"
        }
      ],
      "capabilities": {
        "axisMonitor": {
          "axes": [
            {
              "axisId": "WHEEL",
              "interfaceId": "HID_046d_c26e_00010004",
              "controlPage": 1,
              "controlUsage": 48
            },
            {
              "axisId": "BRAKE",
              "interfaceId": "HID_046d_c26e_00010004",
              "controlPage": 1,
              "controlUsage": 50
            },
            {
              "axisId": "CLUTCH",
              "interfaceId": "HID_046d_c26e_00010004",
              "controlPage": 1,
              "controlUsage": 53
            },
            {
              "axisId": "ACCELERATOR",
              "interfaceId": "HID_046d_c26e_00010004",
              "controlPage": 1,
              "controlUsage": 49
            }
          ]
        },
        "trueforce": {
          "tfGain": {
            "value": 100.0
          },
          "kfGain": {
            "value": 100.0
          },
          "gameControl": {
            "enabled": true
          }
        },
        "operatingRange": {
          "minimum": "180",
          "maximum": "900"
        },
        "gamingAttachments": {
          "attachments": [
            {
              "id": "DAYLIGHT_STARLIGHT_SHIFTER",
              "slotIds": [
                "g923-xbox_g12_m1",
                "g923-xbox_g13_m1",
                "g923-xbox_g14_m1",
                "g923-xbox_g15_m1",
                "g923-xbox_g16_m1",
                "g923-xbox_g17_m1",
                "g923-xbox_g18_m1",
                "g923-xbox_g12_m1_shifted",
                "g923-xbox_g13_m1_shifted",
                "g923-xbox_g14_m1_shifted",
                "g923-xbox_g15_m1_shifted",
                "g923-xbox_g16_m1_shifted",
                "g923-xbox_g17_m1_shifted",
                "g923-xbox_g18_m1_shifted"
              ]
            },
            {
              "id": "DAYLIGHT_STARLIGHT_PEDALS",
              "slotIds": [
                "g923-xbox_pedal_settings"
              ]
            }
          ]
        },
        "reportHidControls": {
          "pages": [
            {
              "page": 9,
              "usages": [
                {
                  "usage": 1,
                  "button": 1
                },
                {
                  "usage": 2,
                  "button": 2
                },
                {
                  "usage": 3,
                  "button": 3
                },
                {
                  "usage": 4,
                  "button": 4
                },
                {
                  "usage": 5,
                  "button": 5
                },
                {
                  "usage": 6,
                  "button": 6
                },
                {
                  "usage": 7,
                  "button": 7
                },
                {
                  "usage": 8,
                  "button": 8
                },
                {
                  "usage": 9,
                  "button": 9
                },
                {
                  "usage": 10,
                  "button": 10
                },
                {
                  "usage": 11,
                  "button": 11
                },
                {
                  "usage": 12,
                  "button": 12
                },
                {
                  "usage": 13,
                  "button": 13
                },
                {
                  "usage": 14,
                  "button": 14
                },
                {
                  "usage": 15,
                  "button": 15
                },
                {
                  "usage": 16,
                  "button": 16
                },
                {
                  "usage": 17,
                  "button": 17
                },
                {
                  "usage": 18,
                  "button": 18
                },
                {
                  "usage": 19,
                  "button": 19
                },
                {
                  "usage": 20,
                  "button": 20
                },
                {
                  "usage": 21,
                  "button": 21
                },
                {
                  "usage": 22,
                  "button": 22
                },
                {
                  "usage": 23,
                  "button": 23
                }
              ]
            },
            {
              "page": 65280,
              "usages": [
                {
                  "usage": 1,
                  "button": 24
                },
                {
                  "usage": 2,
                  "button": 25
                },
                {
                  "usage": 3,
                  "button": 26
                },
                {
                  "usage": 4,
                  "button": 27
                },
                {
                  "usage": 5,
                  "button": 28
                },
                {
                  "usage": 6,
                  "button": 29
                },
                {
                  "usage": 7,
                  "button": 30
                },
                {
                  "usage": 8,
                  "button": 31
                }
              ]
            }
          ]
        },
        "pedalHidControls": {
          "pages": [
            {
              "page": 1,
              "usages": [
                {
                  "usage": 49,
                  "button": 1
                },
                {
                  "usage": 50,
                  "button": 2
                },
                {
                  "usage": 53,
                  "button": 3
                }
              ]
            }
          ]
        }
      }
    },
    {
      "modelId": "g923_ps4",
      "displayName": "G923",
      "extendedDisplayName": "G923 Racing Wheel for PlayStation 4 and PC",
      "slotPrefix": "g923-ps4",
      "type": "STEERING_WHEEL",
      "depot": "g923_ps4",
      "thumbnail": "pipeline://core/thumbnails/g923_ps4.png",
      "modes": [
        {
          "interfaces": [
            {
              "type": "DEVIO",
              "id": "046d_c266"
            },
            {
              "type": "HIDIO",
              "id": "HID_046d_c266_00010004"
            }
          ]
        }
      ],
      "setupInterfaces": [
        {
          "type": "HIDIO",
          "id": "USB_046d_c267"
        },
        {
          "type": "HIDIO",
          "id": "USB_046d_c267_00"
        }
      ],
      "capabilities": {
        "axisMonitor": {
          "axes": [
            {
              "axisId": "WHEEL",
              "interfaceId": "HID_046d_c266_00010004",
              "controlPage": 1,
              "controlUsage": 48
            },
            {
              "axisId": "ACCELERATOR",
              "interfaceId": "HID_046d_c266_00010004",
              "controlPage": 1,
              "controlUsage": 50
            },
            {
              "axisId": "BRAKE",
              "interfaceId": "HID_046d_c266_00010004",
              "controlPage": 1,
              "controlUsage": 53
            },
            {
              "axisId": "CLUTCH",
              "interfaceId": "HID_046d_c266_00010004",
              "controlPage": 1,
              "controlUsage": 49
            }
          ]
        },
        "trueforce": {
          "tfGain": {
            "value": 100.0
          },
          "kfGain": {
            "value": 100.0
          },
          "gameControl": {
            "enabled": true
          }
        },
        "operatingRange": {
          "minimum": "180",
          "maximum": "900"
        },
        "gamingAttachments": {
          "attachments": [
            {
              "id": "DAYLIGHT_STARLIGHT_SHIFTER",
              "slotIds": [
                "g923-ps4_g13_m1",
                "g923-ps4_g14_m1",
                "g923-ps4_g15_m1",
                "g923-ps4_g16_m1",
                "g923-ps4_g17_m1",
                "g923-ps4_g18_m1",
                "g923-ps4_g19_m1",
                "g923-ps4_g13_m1_shifted",
                "g923-ps4_g14_m1_shifted",
                "g923-ps4_g15_m1_shifted",
                "g923-ps4_g16_m1_shifted",
                "g923-ps4_g17_m1_shifted",
                "g923-ps4_g18_m1_shifted",
                "g923-ps4_g19_m1_shifted"
              ]
            },
            {
              "id": "DAYLIGHT_STARLIGHT_PEDALS",
              "slotIds": [
                "g923-ps4_pedal_settings"
              ]
            }
          ]
        },
        "reportHidControls": {
          "pages": [
            {
              "page": 9,
              "usages": [
                {
                  "usage": 1,
                  "button": 1
                },
                {
                  "usage": 2,
                  "button": 2
                },
                {
                  "usage": 3,
                  "button": 3
                },
                {
                  "usage": 4,
                  "button": 4
                },
                {
                  "usage": 5,
                  "button": 5
                },
                {
                  "usage": 6,
                  "button": 6
                },
                {
                  "usage": 7,
                  "button": 7
                },
                {
                  "usage": 8,
                  "button": 8
                },
                {
                  "usage": 9,
                  "button": 9
                },
                {
                  "usage": 10,
                  "button": 10
                },
                {
                  "usage": 11,
                  "button": 11
                },
                {
                  "usage": 12,
                  "button": 12
                },
                {
                  "usage": 13,
                  "button": 13
                },
                {
                  "usage": 14,
                  "button": 14
                },
                {
                  "usage": 15,
                  "button": 15
                },
                {
                  "usage": 16,
                  "button": 16
                },
                {
                  "usage": 17,
                  "button": 17
                },
                {
                  "usage": 18,
                  "button": 18
                },
                {
                  "usage": 19,
                  "button": 19
                },
                {
                  "usage": 20,
                  "button": 20
                },
                {
                  "usage": 21,
                  "button": 21
                },
                {
                  "usage": 22,
                  "button": 22
                },
                {
                  "usage": 23,
                  "button": 23
                },
                {
                  "usage": 24,
                  "button": 24
                },
                {
                  "usage": 25,
                  "button": 25
                }
              ]
            },
            {
              "page": 65280,
              "usages": [
                {
                  "usage": 1,
                  "button": 26
                },
                {
                  "usage": 2,
                  "button": 27
                },
                {
                  "usage": 3,
                  "button": 28
                },
                {
                  "usage": 4,
                  "button": 29
                },
                {
                  "usage": 5,
                  "button": 30
                },
                {
                  "usage": 6,
                  "button": 31
                },
                {
                  "usage": 7,
                  "button": 32
                },
                {
                  "usage": 8,
                  "button": 33
                }
              ]
            }
          ]
        },
        "pedalHidControls": {
          "pages": [
            {
              "page": 1,
              "usages": [
                {
                  "usage": 49,
                  "button": 1
                },
                {
                  "usage": 50,
                  "button": 2
                },
                {
                  "usage": 53,
                  "button": 3
                }
              ]
            }
          ]
        }
      }
    },
    {
      "modelId": "g933",
      "displayName": "G933",
      "extendedDisplayName": "G933 Gaming Wireless Headset",
      "slotPrefix": "g933",
      "type": "HEADSET",
      "depot": "g933",
      "thumbnail": "pipeline://core/thumbnails/g933.png",
      "driver": {
        "windowsIds": [
          "audio"
        ]
      },
      "modes": [
        {
          "interfaces": [
            {
              "type": "DEVIO",
              "id": "046d_0a5b",
              "derivatives": [
                {
                  "extendedModel": 1,
                  "modelId": "g933_ext1",
                  "extendedDisplayName": "G933 Artemis Spectrum Snow",
                  "thumbnail": "pipeline://core/thumbnails/g933_ext1.png"
                }
              ]
            },
            {
              "type": "HIDIO",
              "id": "HID_046d_0a5b_000b0001"
            },
            {
              "type": "AUDIO"
            }
          ]
        }
      ],
      "capabilities": {
        "notificationSupport": {},
        "audio": {
          "dtsSupported": true,
          "dolbySupported": true,
          "denoiserSupported": true,
          "onboardEqSupported": true,
          "hidMic": true
        },
        "sleepTimer": true,
        "lightingSupport": {
          "deviceCategory": "HEADSET_RGB_ZONAL",
          "typeMap": {
            "ZONE_PRIMARY": "PRIMARY",
            "ZONE_BRANDING": "LOGO"
          },
          "zones": [
            {
              "zoneType": "ZONE_PRIMARY",
              "supportedEffects": [
                {
                  "id": "OFF",
                  "syncable": true
                },
                {
                  "id": "FIXED",
                  "syncable": true
                },
                {
                  "id": "CYCLE",
                  "syncable": true
                },
                {
                  "id": "BREATHING",
                  "syncable": true
                }
              ]
            },
            {
              "zoneType": "ZONE_BRANDING",
              "supportedEffects": [
                {
                  "id": "OFF",
                  "syncable": true
                },
                {
                  "id": "FIXED",
                  "syncable": true
                },
                {
                  "id": "CYCLE",
                  "syncable": true
                },
                {
                  "id": "BREATHING",
                  "syncable": true
                }
              ]
            }
          ],
          "persistence": {
            "zoneEffects": true
          },
          "gamma": true
        },
        "hasBatteryStatus": true
      }
    },
    {
      "modelId": "g935",
      "displayName": "G935",
      "extendedDisplayName": "G935 Wireless 7.1 LIGHTSYNC Gaming Headset",
      "slotPrefix": "g935",
      "type": "HEADSET",
      "depot": "g935",
      "thumbnail": "pipeline://core/thumbnails/g935.png",
      "driver": {
        "windowsIds": [
          "audio"
        ]
      },
      "modes": [
        {
          "interfaces": [
            {
              "type": "DEVIO",
              "id": "046d_0a87",
              "derivatives": [
                {
                  "extendedModel": 1,
                  "modelId": "g933s",
                  "displayName": "G933s",
                  "extendedDisplayName": "G933s Wireless 7.1 LIGHTSYNC Gaming Headset",
                  "thumbnail": "pipeline://core/thumbnails/g933s.png"
                }
              ]
            },
            {
              "type": "HIDIO",
              "id": "HID_046d_0a87_000b0001"
            },
            {
              "type": "AUDIO"
            }
          ]
        }
      ],
      "capabilities": {
        "notificationSupport": {},
        "audio": {
          "denoiserSupported": true,
          "onboardEqSupported": true,
          "dtsHx2eSupported": true,
          "hidMic": true
        },
        "sleepTimer": true,
        "advancedSleepTimer": true,
        "lightingSupport": {
          "deviceCategory": "HEADSET_RGB_ZONAL",
          "typeMap": {
            "ZONE_PRIMARY": "PRIMARY",
            "ZONE_BRANDING": "LOGO"
          },
          "zones": [
            {
              "zoneType": "ZONE_PRIMARY",
              "supportedEffects": [
                {
                  "id": "OFF",
                  "syncable": true
                },
                {
                  "id": "FIXED",
                  "syncable": true
                },
                {
                  "id": "CYCLE",
                  "syncable": true
                },
                {
                  "id": "BREATHING",
                  "syncable": true
                }
              ]
            },
            {
              "zoneType": "ZONE_BRANDING",
              "supportedEffects": [
                {
                  "id": "OFF",
                  "syncable": true
                },
                {
                  "id": "FIXED",
                  "syncable": true
                },
                {
                  "id": "CYCLE",
                  "syncable": true
                },
                {
                  "id": "BREATHING",
                  "syncable": true
                }
              ]
            }
          ],
          "persistence": {
            "zoneEffects": true
          },
          "gamma": true
        },
        "hasBatteryStatus": true
      }
    },
    {
      "modelId": "mx518",
      "displayName": "MX518",
      "extendedDisplayName": "MX518 Gaming Mouse",
      "slotPrefix": "mx518",
      "type": "MOUSE",
      "depot": "mx518",
      "thumbnail": "pipeline://core/thumbnails/mx518.png",
      "modes": [
        {
          "interfaces": [
            {
              "type": "DEVIO",
              "id": "046d_c08e"
            }
          ]
        }
      ],
      "capabilities": {
        "dpiTableOverride": {
          "levels": [
            400,
            800,
            1600,
            3200
          ],
          "defaultDpi": 1600,
          "shiftDpi": 800,
          "activeDpi": 1600
        }
      }
    },
    {
      "modelId": "powerplay",
      "displayName": "POWERPLAY",
      "extendedDisplayName": "POWERPLAY Wireless Charging System",
      "slotPrefix": "powerplay",
      "type": "CHARGE_PAD",
      "depot": "powerplay",
      "thumbnail": "pipeline://core/thumbnails/powerplay.png",
      "modes": [
        {
          "interfaces": [
            {
              "type": "DEVIO",
              "id": "046d_405f"
            },
            {
              "type": "HIDIO",
              "id": "HID_046d_c53a_ff000001"
            }
          ]
        },
        {
          "interfaces": [
            {
              "type": "HIDIO",
              "id": "HID_046d_aaca_ffb00001"
            }
          ]
        }
      ],
      "capabilities": {
        "lightingSupport": {
          "deviceCategory": "MOUSEPAD_RGB_ZONAL",
          "typeMap": {
            "ZONE_BRANDING": "LOGO"
          },
          "zones": [
            {
              "zoneType": "ZONE_BRANDING",
              "supportedEffects": [
                {
                  "id": "OFF",
                  "syncable": true
                },
                {
                  "id": "FIXED",
                  "syncable": true
                },
                {
                  "id": "CYCLE",
                  "syncable": true
                },
                {
                  "id": "BREATHING",
                  "syncable": true
                }
              ]
            }
          ]
        }
      }
    },
    {
      "modelId": "pro_gaming_headset",
      "displayName": "PRO",
      "extendedDisplayName": "Pro Gaming Headset",
      "slotPrefix": "proheadset",
      "type": "HEADSET",
      "depot": "pro_headset",
      "thumbnail": "pipeline://core/thumbnails/pro_headset.png",
      "driver": {
        "windowsIds": [
          "audio"
        ]
      },
      "modes": [
        {
          "interfaces": [
            {
              "type": "DEVIO",
              "id": "046d_0aa7"
            },
            {
              "type": "AUDIO"
            }
          ]
        }
      ],
      "capabilities": {
        "audio": {
          "onboardProEqSupported": true,
          "proEqSupported": true,
          "denoiserSupported": true,
          "hardwareNoiseReductionSupported": true
        }
      }
    },
    {
      "modelId": "pro_71_gaming_headset",
      "displayName": "PRO X",
      "extendedDisplayName": "PRO X Gaming Headset",
      "slotPrefix": "pro71headset",
      "type": "HEADSET",
      "depot": "pro_headset",
      "thumbnail": "pipeline://core/thumbnails/pro_headset.png",
      "driver": {
        "windowsIds": [
          "audio"
        ],
        "osxIds": [
          "com.logi.gaming.audio.override"
        ],
        "associatedInterfaceType": "AUDIO"
      },
      "modes": [
        {
          "interfaces": [
            {
              "type": "DEVIO",
              "id": "046d_0aaa",
              "extendedModel": 255,
              "derivatives": [
                {
                  "extendedModel": 1,
                  "modelId": "pro_71_gaming_headset_lol",
                  "thumbnail": "pipeline://core/thumbnails/pro_headset_lol.png",
                  "displayName": "PRO X LOL"
                }
              ]
            },
            {
              "type": "AUDIO"
            }
          ]
        }
      ],
      "capabilities": {
        "audio": {
          "dtsHx2eSupported": true,
          "onboardProEqSupported": true,
          "proEqSupported": true,
          "denoiserSupported": true,
          "blueVoiceSupported": true,
          "hardwareNoiseReductionSupported": true
        }
      }
    },
    {
      "modelId": "pro_71_gaming_wireless_headset",
      "displayName": "PRO X WIRELESS",
      "extendedDisplayName": "PRO X Wireless Gaming Headset",
      "slotPrefix": "proxwirelessheadset",
      "type": "HEADSET",
      "depot": "pro_headset",
      "thumbnail": "pipeline://core/thumbnails/pro_headset.png",
      "driver": {
        "windowsIds": [
          "audio"
        ],
        "osxIds": [
          "com.logi.gaming.audio.override"
        ],
        "associatedInterfaceType": "AUDIO"
      },
      "modes": [
        {
          "interfaces": [
            {
              "type": "DEVIO",
              "id": "046d_0aba",
              "derivatives": [
                {
                  "extendedModel": 1,
                  "modelId": "pro_71_gaming_wireless_shroud_headset",
                  "thumbnail": "pipeline://core/thumbnails/pro_headset_wireless_shroud.png"
                }
              ]
            },
            {
              "type": "AUDIO"
            }
          ]
        }
      ],
      "capabilities": {
        "audio": {
          "dtsHx2eSupported": true,
          "denoiserSupported": true,
          "blueVoiceSupported": true
        },
        "powerOffTimer": true,
        "hasBatteryStatus": true
      }
    },
    {
      "modelId": "pro_keyboard",
      "displayName": "PRO",
      "extendedDisplayName": "PRO Mechanical gaming keyboard",
      "slotPrefix": "prokeyboard",
      "type": "KEYBOARD",
      "depotPrefix": "pro_keyboard",
      "thumbnail": "pipeline://core/thumbnails/pro_keyboard.png",
      "modes": [
        {
          "interfaces": [
            {
              "type": "DEVIO",
              "id": "046d_c339",
              "derivatives": [
                {
                  "extendedModel": 1,
                  "modelId": "pro_keyboard_ext1"
                },
                {
                  "extendedModel": 2,
                  "modelId": "pro_keyboard_ext2"
                },
                {
                  "extendedModel": 3,
                  "modelId": "pro_keyboard_ext3"
                },
                {
                  "extendedModel": 4,
                  "modelId": "pro_keyboard_ext4"
                },
                {
                  "extendedModel": 6,
                  "modelId": "pro_keyboard_ext6",
                  "thumbnail": "pipeline://core/thumbnails/pro_keyboard_shroud.png"
                },
                {
                  "id": "046d_c339",
                  "extendedModel": 7,
                  "modelId": "pro_keyboard_ext7",
                  "displayName": "PRO K/DA",
                  "thumbnail": "pipeline://core/thumbnails/pro_keyboard_kda.png",
                  "extendedDisplayName": "PRO Mechanical gaming keyboard"
                },
                {
                  "extendedModel": 8,
                  "modelId": "pro_keyboard_ext8",
                  "displayName": "PRO LOL",
                  "thumbnail": "pipeline://core/thumbnails/pro_keyboard_lol.png"
                }
              ]
            }
          ]
        },
        {
          "interfaces": [
            {
              "type": "DEVIO",
              "id": "046d_aadc"
            }
          ]
        }
      ],
      "capabilities": {
        "lightingSupport": {
          "deviceCategory": "KEYBOARD_RGB_PER_KEY",
          "typeMap": {
            "PERKEY_KEYBOARD": "HID_KEYBOARD",
            "PERKEY_BRANDING": "LOGO",
            "PERKEY_INDICATOR": "KEYBOARD_OTHER",
            "ZONE_PRIMARY": "PRIMARY",
            "ZONE_BRANDING": "LOGO"
          },
          "zones": [
            {
              "zoneType": "ZONE_PRIMARY",
              "supportedEffects": [
                {
                  "id": "OFF",
                  "syncable": true
                },
                {
                  "id": "FIXED",
                  "syncable": true
                },
                {
                  "id": "CYCLE",
                  "syncable": true,
                  "fixedIntensity": true
                },
                {
                  "id": "COLORWAVE",
                  "syncable": false,
                  "fixedIntensity": true
                },
                {
                  "id": "BREATHING",
                  "syncable": true,
                  "fixedIntensity": true
                }
              ]
            },
            {
              "zoneType": "ZONE_BRANDING",
              "supportedEffects": [
                {
                  "id": "OFF",
                  "syncable": true
                },
                {
                  "id": "FIXED",
                  "syncable": true
                },
                {
                  "id": "CYCLE",
                  "syncable": true,
                  "fixedIntensity": true
                },
                {
                  "id": "BREATHING",
                  "syncable": true,
                  "fixedIntensity": true
                }
              ]
            }
          ],
          "isPerKey": true,
          "persistence": {
            "perKeyFixed": true
          }
        },
        "fnInversion": true,
        "reportHidControls": {
          "pages": [
            {
              "page": 7,
              "usages": [
                {
                  "usage": 58,
                  "button": 1
                },
                {
                  "usage": 59,
                  "button": 2
                },
                {
                  "usage": 60,
                  "button": 3
                },
                {
                  "usage": 61,
                  "button": 4
                },
                {
                  "usage": 62,
                  "button": 5
                },
                {
                  "usage": 63,
                  "button": 6
                },
                {
                  "usage": 64,
                  "button": 7
                },
                {
                  "usage": 65,
                  "button": 8
                },
                {
                  "usage": 66,
                  "button": 9
                },
                {
                  "usage": 67,
                  "button": 10
                },
                {
                  "usage": 68,
                  "button": 11
                },
                {
                  "usage": 69,
                  "button": 12
                }
              ]
            }
          ]
        }
      }
    },
    {
      "modelId": "pro_mouse",
      "displayName": "PRO",
      "extendedDisplayName": "PRO Gaming Mouse",
      "slotPrefix": "promouse",
      "type": "MOUSE",
      "depot": "pro_mouse",
      "thumbnail": "pipeline://core/thumbnails/pro_mouse.png",
      "modes": [
        {
          "interfaces": [
            {
              "type": "DEVIO",
              "id": "046d_c085",
              "derivatives": [
                {
                  "extendedModel": 1,
                  "modelId": "pro_mouse_ext1",
                  "thumbnail": "pipeline://core/thumbnails/pro_mouse_ext_1.png",
                  "extendedDisplayName": "PRO Gaming Mouse Battlefield 1 Edition"
                }
              ]
            }
          ]
        }
      ],
      "capabilities": {
        "lightingSupport": {
          "deviceCategory": "MOUSE_RGB_ZONAL",
          "typeMap": {
            "ZONE_BRANDING": "LOGO"
          },
          "zones": [
            {
              "zoneType": "ZONE_BRANDING",
              "supportedEffects": [
                {
                  "id": "OFF",
                  "syncable": true
                },
                {
                  "id": "FIXED",
                  "syncable": true
                },
                {
                  "id": "CYCLE",
                  "syncable": true
                },
                {
                  "id": "BREATHING",
                  "syncable": true
                }
              ]
            }
          ]
        }
      }
    },
    {
      "modelId": "pro_mouse_hero",
      "displayName": "PRO HERO",
      "extendedDisplayName": "PRO HERO Gaming Mouse",
      "slotPrefix": "promouse",
      "type": "MOUSE",
      "depot": "pro_mouse_hero",
      "dfuDepot": "pro_mouse_hero_dfu",
      "thumbnail": "pipeline://core/thumbnails/pro_mouse.png",
      "modes": [
        {
          "interfaces": [
            {
              "type": "DEVIO",
              "id": "046d_c08c"
            }
          ]
        },
        {
          "interfaces": [
            {
              "type": "DEVIO",
              "id": "046d_aae7"
            }
          ]
        }
      ],
      "capabilities": {
        "lightingSupport": {
          "deviceCategory": "MOUSE_RGB_ZONAL",
          "typeMap": {
            "ZONE_BRANDING": "LOGO"
          },
          "zones": [
            {
              "zoneType": "ZONE_BRANDING",
              "supportedEffects": [
                {
                  "id": "OFF",
                  "syncable": true
                },
                {
                  "id": "FIXED",
                  "syncable": true
                },
                {
                  "id": "CYCLE",
                  "syncable": true
                },
                {
                  "id": "BREATHING",
                  "syncable": true
                }
              ]
            }
          ]
        },
        "requiresBackupForDfu": true
      }
    },
    {
      "modelId": "pro_wireless_mouse",
      "displayName": "PRO WIRELESS",
      "extendedDisplayName": "Pro Wireless Mouse",
      "slotPrefix": "prowirelessmouse",
      "type": "MOUSE",
      "depot": "pro_wireless_mouse_depot",
      "dfuDepot": "pro_wireless_mouse_dfu",
      "thumbnail": "pipeline://core/thumbnails/pro_wireless_mouse_black.png",
      "modes": [
        {
          "interfaces": [
            {
              "type": "DEVIO",
              "id": "046d_c088",
              "derivatives": [
                {
                  "extendedModel": 15,
                  "modelId": "pro_wireless_mouse_ext15",
                  "thumbnail": "pipeline://core/thumbnails/pro_wireless_mouse_shroud.png"
                },
                {
                  "extendedModel": 16,
                  "modelId": "pro_wireless_mouse_ext16",
                  "thumbnail": "pipeline://core/thumbnails/pro_wireless_mouse_lol.png",
                  "displayName": "PRO WIRELESS LOL"
                }
              ]
            }
          ]
        },
        {
          "interfaces": [
            {
              "type": "DEVIO",
              "id": "046d_4079",
              "derivatives": [
                {
                  "extendedModel": 15,
                  "modelId": "pro_wireless_mouse_ext15",
                  "thumbnail": "pipeline://core/thumbnails/pro_wireless_mouse_shroud.png"
                },
                {
                  "extendedModel": 16,
                  "modelId": "pro_wireless_mouse_ext16",
                  "thumbnail": "pipeline://core/thumbnails/pro_wireless_mouse_lol.png",
                  "displayName": "PRO WIRELESS LOL"
                }
              ]
            }
          ]
        },
        {
          "interfaces": [
            {
              "type": "DEVIO",
              "id": "046d_aadf"
            }
          ]
        }
      ],
      "capabilities": {
        "receiverPairing": {
          "receiverType": "LS1",
          "pairingAction": "ACTION_POWER_CYCLE"
        },
        "chargepadCompatible": true,
        "maskableZones": {
          "zones": [
            {
              "id": "bottom_left",
              "slotIds": [
                "prowirelessmouse_g4_m1",
                "prowirelessmouse_g4_m1_shifted"
              ],
              "displayIconKey": "mouse_4_buttons_bottom_left_icon",
              "renderIconKey": "cover_bottom_left"
            },
            {
              "id": "top_left",
              "slotIds": [
                "prowirelessmouse_g5_m1",
                "prowirelessmouse_g5_m1_shifted"
              ],
              "displayIconKey": "mouse_4_buttons_top_left_icon",
              "renderIconKey": "cover_top_left"
            },
            {
              "id": "bottom_right",
              "slotIds": [
                "prowirelessmouse_g7_m1",
                "prowirelessmouse_g7_m1_shifted"
              ],
              "displayIconKey": "mouse_4_buttons_bottom_right_icon",
              "renderIconKey": "cover_bottom_right"
            },
            {
              "id": "top_right",
              "slotIds": [
                "prowirelessmouse_g8_m1",
                "prowirelessmouse_g8_m1_shifted"
              ],
              "displayIconKey": "mouse_4_buttons_top_right_icon",
              "renderIconKey": "cover_top_right"
            }
          ]
        },
        "lightingSupport": {
          "deviceCategory": "MOUSE_RGB_ZONAL",
          "typeMap": {
            "ZONE_PRIMARY": "PRIMARY",
            "ZONE_BRANDING": "LOGO"
          },
          "zones": [
            {
              "zoneType": "ZONE_PRIMARY",
              "supportedEffects": [
                {
                  "id": "OFF",
                  "syncable": true
                },
                {
                  "id": "FIXED",
                  "syncable": true
                },
                {
                  "id": "CYCLE",
                  "syncable": true
                },
                {
                  "id": "BREATHING",
                  "syncable": true
                }
              ]
            },
            {
              "zoneType": "ZONE_BRANDING",
              "supportedEffects": [
                {
                  "id": "OFF",
                  "syncable": true
                },
                {
                  "id": "FIXED",
                  "syncable": true
                },
                {
                  "id": "CYCLE",
                  "syncable": true
                },
                {
                  "id": "BREATHING",
                  "syncable": true
                }
              ]
            }
          ],
          "lowBatteryEffect": true
        },
        "hasBatteryStatus": true,
        "dpiLighting": true
      }
    },
    {
      "modelId": "pro_x_wireless_mouse",
      "displayName": "PRO X SUPERLIGHT",
      "extendedDisplayName": "PRO X SUPERLIGHT Wireless Mouse",
      "slotPrefix": "proxwirelessmouse",
      "type": "MOUSE",
      "depot": "pro_x_wireless_mouse",
      "dfuDepot": "pro_x_wireless_mouse_dfu",
      "thumbnail": "pipeline://core/thumbnails/pro_x_wireless_mouse.png",
      "modes": [
        {
          "interfaces": [
            {
              "type": "DEVIO",
              "id": "046d_c094",
              "derivatives": [
                {
                  "extendedModel": 1,
                  "modelId": "pro_x_wireless_mouse_ext1",
                  "thumbnail": "pipeline://core/thumbnails/pro_x_wireless_mouse_white.png"
                },
                {
                  "extendedModel": 2,
                  "modelId": "pro_x_wireless_mouse_ext2",
                  "thumbnail": "pipeline://core/thumbnails/pro_x_wireless_mouse_magenta.png"
                }
              ]
            }
          ]
        },
        {
          "interfaces": [
            {
              "type": "DEVIO",
              "id": "046d_4093",
              "derivatives": [
                {
                  "extendedModel": 1,
                  "modelId": "pro_x_wireless_mouse_ext1",
                  "thumbnail": "pipeline://core/thumbnails/pro_x_wireless_mouse_white.png"
                },
                {
                  "extendedModel": 2,
                  "modelId": "pro_x_wireless_mouse_ext2",
                  "thumbnail": "pipeline://core/thumbnails/pro_x_wireless_mouse_magenta.png"
                }
              ]
            }
          ]
        },
        {
          "interfaces": [
            {
              "type": "DEVIO",
              "id": "046d_ab00"
            }
          ]
        }
      ],
      "capabilities": {
        "receiverPairing": {
          "receiverType": "LS2",
          "pairingAction": "ACTION_POWER_CYCLE",
          "hasForcePairing": true
        },
        "chargepadCompatible": true,
        "unifiedBattery": true,
        "dpiIndicatorLed": {
          "zoneType": "PRIMARY",
          "steps": {
            "1": {
              "hex": "#FFFF00"
            },
            "2": {
              "hex": "#FFFFFF"
            },
            "3": {
              "hex": "#FF9900"
            },
            "4": {
              "hex": "#FF0293"
            },
            "5": {
              "hex": "#8D40FF"
            }
          }
        },
        "hasBatteryStatus": true
      }
    },
    {
      "modelId": "g430",
      "displayName": "G430",
      "extendedDisplayName": "G430",
      "slotPrefix": "g430",
      "type": "HEADSET",
      "depot": "g430",
      "thumbnail": "pipeline://core/thumbnails/g430.png",
      "driver": {
        "windowsIds": [
          "audio"
        ]
      },
      "modes": [
        {
          "interfaces": [
            {
              "type": "HIDIO",
              "id": "HID_046d_0a4d_000c0001"
            },
            {
              "type": "AUDIO"
            }
          ]
        }
      ],
      "capabilities": {
        "audio": {
          "dtsSupported": true,
          "dolbySupported": true,
          "denoiserSupported": true,
          "onboardEqSupported": false
        }
      }
    },
    {
      "modelId": "g203",
      "displayName": "G203 LIGHTSYNC",
      "extendedDisplayName": "G203 LIGHTSYNC Gaming Mouse",
      "slotPrefix": "g102g203",
      "type": "MOUSE",
      "depot": "g102_g203",
      "thumbnail": "pipeline://core/thumbnails/g203_black.png",
      "modes": [
        {
          "interfaces": [
            {
              "type": "DEVIO",
              "id": "046d_c092",
              "derivatives": [
                {
                  "extendedModel": 1,
                  "modelId": "g203_ext1",
                  "displayName": "G102 LIGHTSYNC",
                  "extendedDisplayName": "G102 LIGHTSYNC Gaming Mouse"
                },
                {
                  "extendedModel": 2,
                  "modelId": "g203_ext2",
                  "thumbnail": "pipeline://core/thumbnails/g203_white.png"
                },
                {
                  "extendedModel": 3,
                  "modelId": "g203_ext3",
                  "displayName": "G102 LIGHTSYNC",
                  "thumbnail": "pipeline://core/thumbnails/g203_white.png",
                  "extendedDisplayName": "G102 LIGHTSYNC Gaming Mouse"
                },
                {
                  "extendedModel": 4,
                  "modelId": "g203_ext4",
                  "thumbnail": "pipeline://core/thumbnails/g203_blue.png"
                },
                {
                  "extendedModel": 5,
                  "modelId": "g203_ext5",
                  "displayName": "G102 LIGHTSYNC",
                  "thumbnail": "pipeline://core/thumbnails/g203_blue.png",
                  "extendedDisplayName": "G102 LIGHTSYNC Gaming Mouse"
                },
                {
                  "extendedModel": 6,
                  "modelId": "g203_ext6",
                  "displayName": "G102 LIGHTSYNC",
                  "extendedDisplayName": "G102 LIGHTSYNC Gaming Mouse"
                },
                {
                  "extendedModel": 7,
                  "modelId": "g203_ext7",
                  "displayName": "G102 LIGHTSYNC",
                  "thumbnail": "pipeline://core/thumbnails/g203_white.png",
                  "extendedDisplayName": "G102 LIGHTSYNC Gaming Mouse"
                },
                {
                  "extendedModel": 8,
                  "modelId": "g203_ext8",
                  "displayName": "G203 LIGHTSYNC",
                  "thumbnail": "pipeline://core/thumbnails/g203_lilac.png"
                },
                {
                  "extendedModel": 9,
                  "modelId": "g203_ext9",
                  "displayName": "G102 LIGHTSYNC",
                  "thumbnail": "pipeline://core/thumbnails/g203_lilac.png",
                  "extendedDisplayName": "G102 LIGHTSYNC Gaming Mouse"
                }
              ]
            }
          ]
        },
        {
          "interfaces": [
            {
              "type": "DEVICE",
              "id": "046d_aafd"
            }
          ]
        }
      ],
      "capabilities": {
        "lightingSupport": {
          "deviceCategory": "MOUSE_RGB_PER_KEY",
          "typeMap": {
            "PERKEY_COSMETIC": "",
            "ZONE_BRANDING": "LOGO"
          },
          "zones": [
            {
              "zoneType": "ZONE_BRANDING",
              "supportedEffects": [
                {
                  "id": "OFF",
                  "syncable": true
                },
                {
                  "id": "FIXED",
                  "syncable": true
                },
                {
                  "id": "CYCLE",
                  "syncable": true
                },
                {
                  "id": "BREATHING",
                  "syncable": true
                },
                {
                  "id": "COLORWAVE",
                  "syncable": false
                },
                {
                  "id": "DECOMPOSITION",
                  "syncable": false
                }
              ]
            }
          ],
          "isPerKey": true
        },
        "dpiInfoOverride": {
          "range": {
            "min": 200,
            "max": 8000,
            "steps": 50
          }
        }
      }
    }
  ]
}
