{
  "devices": [
    {
      "modelId": "g535",
      "displayName": "G535",
      "extendedDisplayName": "G535 Gaming Headset",
      "slotPrefix": "g535",
      "type": "headset",
      "depot": "g535",
      "thumbnail": "pipeline://core/thumbnails/g535_black.png",
      "driver": {
        "windowsIds": [
          "audio"
        ]
      },
      "modes": [
        {
          "wireless": true,
          "interfaces": [
            {
              "type": "DEVIO",
              "id": "046d_0ac4",
              "mainFirmware": true,
              "derivatives": [
                {
                  "modelId": "g535_ext1",
                  "thumbnail": "pipeline://core/thumbnails/g535_white.png",
                  "id": "046d_0ac4",
                  "extendedModel": 1
                },
                {
                  "modelId": "g535_ext2",
                  "thumbnail": "pipeline://core/thumbnails/g535_mint.png",
                  "id": "046d_0ac4",
                  "extendedModel": 2
                }
              ]
            },
            {
              "type": "AUDIO"
            }
          ]
        }
      ],
      "capabilities": {
        "powerOffTimer": true,
        "hasBatteryStatus": true,
        "presentSplashScreen": true
      }
    }
  ]
}