{
  "devices": [
    {
      "modelId": "g303_wireless",
      "displayName": "G303 SHROUD EDITION",
      "extendedDisplayName": "G303 Shroud Edition Wireless Gaming Mouse",
      "slotPrefix": "g303wireless",
      "type": "MOUSE",
      "depot": "g303_wireless",
      "thumbnail": "pipeline://core/thumbnails/g303_wireless.png",
      "modes": [
        {
          "interfaces": [
            {
              "type": "DEVIO",
              "id": "046d_409e"
            }
          ]
        },
        {
          "interfaces": [
            {
              "type": "DEVIO",
              "id": "046d_c097"
            }
          ]
        },
        {
          "interfaces": [
            {
              "type": "DEVIO",
              "id": "046d_ab11"
            }
          ]
        }
      ],
      "capabilities": {
        "receiverPairing": {
          "receiverType": "LS2",
          "pairingAction": "ACTION_POWER_CYCLE",
          "hasForcePairing": true
        },
        "unifiedBattery": true,
        "hasBatteryStatus": true,
        "dpiIndicatorLed": {
          "zoneType": "PRIMARY",
          "steps": {
            "1": {
              "hex": "#FFFFFF"
            },
            "2": {
              "hex": "#FF6400"
            },
            "3": {
              "hex": "#28FFDC"
            },
            "4": {
              "hex": "#FFFF14"
            },
            "5": {
              "hex": "DC14FF"
            }
          }
        }
      }
    }
  ]
}