{
  "devices": [
    {
      "modelId": "yeti_x",
      "displayName": "Yeti X",
      "extendedDisplayName": "Yeti X",
      "slotPrefix": "yetix",
      "type": "MICROPHONE",
      "depot": "yetix",
      "dfuDepot": "yetix_dfu",
      "thumbnail": "pipeline://core/thumbnails/yetix.png",
      "driver": {
        "windowsIds": [
          "audio"
        ],
        "osxIds": [
          "com.logi.gaming.audio.override"
        ],
        "associatedInterfaceType": "AUDIO"
      },
      "modes": [
        {
          "interfaces": [
            {
              "type": "DEVIO",
              "id": "046d_0aaf"
            },
            {
              "type": "HIDIO",
              "id": "HID_046d_0aaf_ffff0001"
            },
            {
              "type": "AUDIO"
            }
          ]
        },
        {
          "interfaces": [
            {
              "type": "HIDIO",
              "id": "HID_046d_0aae_ffff0001"
            }
          ]
        },
        {
          "interfaces": [
            {
              "type": "HIDIO",
              "id": "USB_b58e_0008_00"
            }
          ]
        }
      ],
      "capabilities": {
        "lightingSupport": {
          "deviceCategory": "MICROPHONE_RGB_ZONAL",
          "typeMap": {
            "ZONE_PRIMARY": "PRIMARY",
            "ZONE_BRANDING": "LOGO",
            "ZONE_LEFT_SIDE": "LEFT_SIDE",
            "ZONE_RIGHT_SIDE": "RIGHT_SIDE",
            "ZONE_COMBINED": "COMBINED",
            "ZONE_ONE": "ZONAL_ONE",
            "ZONE_TWO": "ZONAL_TWO",
            "ZONE_THREE": "ZONAL_THREE",
            "ZONE_FOUR": "ZONAL_FOUR",
            "ZONE_FIVE": "ZONAL_FIVE",
            "ZONE_SIX": "ZONAL_SIX",
            "ZONE_SEVEN": "ZONAL_SEVEN"
          },
          "zones": [
            {
              "zoneType": "ZONE_PRIMARY",
              "supportedEffects": [
                {
                  "id": "FIXED",
                  "syncable": false
                },
                {
                  "id": "BREATHING",
                  "syncable": false
                }
              ],
              "defaultColor": {
                "rgba": {
                  "red": 0.0,
                  "green": 1.0,
                  "blue": 0.0,
                  "alpha": 1.0
                }
              }
            },
            {
              "zoneType": "ZONE_BRANDING",
              "supportedEffects": [
                {
                  "id": "FIXED",
                  "syncable": false
                },
                {
                  "id": "BREATHING",
                  "syncable": false
                }
              ],
              "defaultColor": {
                "rgba": {
                  "red": 1.0,
                  "green": 0.0,
                  "blue": 0.0,
                  "alpha": 1.0
                }
              }
            },
            {
              "zoneType": "ZONE_LEFT_SIDE",
              "supportedEffects": [
                {
                  "id": "FIXED",
                  "syncable": false
                }
              ],
              "defaultColor": {
                "rgba": {
                  "red": 0.0,
                  "green": 0.0,
                  "blue": 1.0,
                  "alpha": 1.0
                }
              }
            },
            {
              "zoneType": "ZONE_RIGHT_SIDE",
              "supportedEffects": [
                {
                  "id": "FIXED",
                  "syncable": false
                },
                {
                  "id": "BREATHING",
                  "syncable": false
                }
              ],
              "defaultColor": {
                "rgba": {
                  "red": 1.0,
                  "green": 1.0,
                  "blue": 1.0,
                  "alpha": 1.0
                }
              }
            },
            {
              "zoneType": "ZONE_COMBINED",
              "supportedEffects": [
                {
                  "id": "FIXED",
                  "syncable": false
                },
                {
                  "id": "BREATHING",
                  "syncable": false
                }
              ],
              "defaultColor": {
                "rgba": {
                  "red": 1.0,
                  "green": 0.0,
                  "blue": 1.0,
                  "alpha": 1.0
                }
              }
            },
            {
              "zoneType": "ZONE_ONE",
              "supportedEffects": [
                {
                  "id": "FIXED",
                  "syncable": false
                },
                {
                  "id": "BREATHING",
                  "syncable": false
                }
              ],
              "defaultColor": {
                "rgba": {
                  "red": 1.0,
                  "green": 1.0,
                  "blue": 1.0,
                  "alpha": 1.0
                }
              }
            },
            {
              "zoneType": "ZONE_TWO",
              "supportedEffects": [
                {
                  "id": "FIXED",
                  "syncable": false
                },
                {
                  "id": "BREATHING",
                  "syncable": false
                }
              ],
              "defaultColor": {
                "rgba": {
                  "red": 1.0,
                  "green": 1.0,
                  "blue": 1.0,
                  "alpha": 1.0
                }
              }
            },
            {
              "zoneType": "ZONE_THREE",
              "supportedEffects": [
                {
                  "id": "FIXED",
                  "syncable": false
                },
                {
                  "id": "BREATHING",
                  "syncable": false
                }
              ],
              "defaultColor": {
                "rgba": {
                  "red": 1.0,
                  "green": 1.0,
                  "blue": 1.0,
                  "alpha": 1.0
                }
              }
            },
            {
              "zoneType": "ZONE_FOUR",
              "supportedEffects": [
                {
                  "id": "FIXED",
                  "syncable": false
                },
                {
                  "id": "BREATHING",
                  "syncable": false
                }
              ],
              "defaultColor": {
                "rgba": {
                  "red": 1.0,
                  "green": 1.0,
                  "blue": 1.0,
                  "alpha": 1.0
                }
              }
            },
            {
              "zoneType": "ZONE_FIVE",
              "supportedEffects": [
                {
                  "id": "FIXED",
                  "syncable": false
                }
              ],
              "defaultColor": {
                "rgba": {
                  "red": 0.0,
                  "green": 1.0,
                  "blue": 0.0,
                  "alpha": 1.0
                }
              }
            },
            {
              "zoneType": "ZONE_SIX",
              "supportedEffects": [
                {
                  "id": "FIXED",
                  "syncable": false
                }
              ],
              "defaultColor": {
                "rgba": {
                  "red": 1.0,
                  "green": 1.0,
                  "blue": 0.0,
                  "alpha": 1.0
                }
              }
            },
            {
              "zoneType": "ZONE_SEVEN",
              "supportedEffects": [
                {
                  "id": "FIXED",
                  "syncable": false
                }
              ],
              "defaultColor": {
                "rgba": {
                  "red": 1.0,
                  "green": 0.0,
                  "blue": 0.0,
                  "alpha": 1.0
                }
              }
            }
          ],
          "hideStartupEffect": true,
          "firmwareOnly": true
        },
        "microphoneSupport": {
          "supportedPolarPatterns": [
            {
              "id": "POLAR_PATTERN_STEREO"
            },
            {
              "id": "POLAR_PATTERN_OMNI"
            },
            {
              "id": "POLAR_PATTERN_CARDIOID"
            },
            {
              "id": "POLAR_PATTERN_BIDIRECTIONAL"
            }
          ],
          "supportedMicrophoneModes": [
            {
              "id": "MICROPHONE_GAIN"
            },
            {
              "id": "HEADPHONE_LEVEL"
            },
            {
              "id": "BLEND"
            }
          ]
        },
        "headphoneJack": true,
        "audio": {
          "dtsHx2eSupported": true,
          "blueVoice2Supported": true,
          "devioVolumeFeatures": true
        }
      }
    },
    {
      "modelId": "yeti_x_evantra",
      "displayName": "Yeti X",
      "extendedDisplayName": "Yeti X",
      "slotPrefix": "yetix",
      "type": "MICROPHONE",
      "depot": "yetix",
      "thumbnail": "pipeline://core/thumbnails/yetix.png",
      "driver": {
        "windowsIds": [
          "audio"
        ],
        "osxIds": [
          "com.logi.gaming.audio.override"
        ],
        "associatedInterfaceType": "AUDIO"
      },
      "modes": [
        {
          "interfaces": [
            {
              "type": "HIDIO",
              "id": "USB_b58e_0008_00"
            }
          ]
        },
        {
          "interfaces": [
            {
              "type": "DEVIO",
              "id": "046d_0ad1"
            },
            {
              "type": "HIDIO",
              "id": "HID_046d_0ad1_ffff0001"
            },
            {
              "type": "AUDIO"
            }
          ]
        },
        {
          "interfaces": [
            {
              "type": "HIDIO",
              "id": "USB_046d_0ad3_00"
            }
          ]
        }
      ],
      "capabilities": {
        "lightingSupport": {
          "deviceCategory": "MICROPHONE_RGB_ZONAL",
          "typeMap": {
            "ZONE_PRIMARY": "PRIMARY",
            "ZONE_BRANDING": "LOGO",
            "ZONE_LEFT_SIDE": "LEFT_SIDE",
            "ZONE_RIGHT_SIDE": "RIGHT_SIDE",
            "ZONE_COMBINED": "COMBINED",
            "ZONE_ONE": "ZONAL_ONE",
            "ZONE_TWO": "ZONAL_TWO",
            "ZONE_THREE": "ZONAL_THREE",
            "ZONE_FOUR": "ZONAL_FOUR",
            "ZONE_FIVE": "ZONAL_FIVE",
            "ZONE_SIX": "ZONAL_SIX",
            "ZONE_SEVEN": "ZONAL_SEVEN"
          },
          "zones": [
            {
              "zoneType": "ZONE_PRIMARY",
              "supportedEffects": [
                {
                  "id": "FIXED",
                  "syncable": false
                },
                {
                  "id": "BREATHING",
                  "syncable": false
                }
              ],
              "defaultColor": {
                "rgba": {
                  "red": 0.0,
                  "green": 1.0,
                  "blue": 0.0,
                  "alpha": 1.0
                }
              }
            },
            {
              "zoneType": "ZONE_BRANDING",
              "supportedEffects": [
                {
                  "id": "FIXED",
                  "syncable": false
                },
                {
                  "id": "BREATHING",
                  "syncable": false
                }
              ],
              "defaultColor": {
                "rgba": {
                  "red": 1.0,
                  "green": 0.0,
                  "blue": 0.0,
                  "alpha": 1.0
                }
              }
            },
            {
              "zoneType": "ZONE_LEFT_SIDE",
              "supportedEffects": [
                {
                  "id": "FIXED",
                  "syncable": false
                }
              ],
              "defaultColor": {
                "rgba": {
                  "red": 0.0,
                  "green": 0.0,
                  "blue": 1.0,
                  "alpha": 1.0
                }
              }
            },
            {
              "zoneType": "ZONE_RIGHT_SIDE",
              "supportedEffects": [
                {
                  "id": "FIXED",
                  "syncable": false
                },
                {
                  "id": "BREATHING",
                  "syncable": false
                }
              ],
              "defaultColor": {
                "rgba": {
                  "red": 1.0,
                  "green": 1.0,
                  "blue": 1.0,
                  "alpha": 1.0
                }
              }
            },
            {
              "zoneType": "ZONE_COMBINED",
              "supportedEffects": [
                {
                  "id": "FIXED",
                  "syncable": false
                },
                {
                  "id": "BREATHING",
                  "syncable": false
                }
              ],
              "defaultColor": {
                "rgba": {
                  "red": 1.0,
                  "green": 0.0,
                  "blue": 1.0,
                  "alpha": 1.0
                }
              }
            },
            {
              "zoneType": "ZONE_ONE",
              "supportedEffects": [
                {
                  "id": "FIXED",
                  "syncable": false
                },
                {
                  "id": "BREATHING",
                  "syncable": false
                }
              ],
              "defaultColor": {
                "rgba": {
                  "red": 1.0,
                  "green": 1.0,
                  "blue": 1.0,
                  "alpha": 1.0
                }
              }
            },
            {
              "zoneType": "ZONE_TWO",
              "supportedEffects": [
                {
                  "id": "FIXED",
                  "syncable": false
                },
                {
                  "id": "BREATHING",
                  "syncable": false
                }
              ],
              "defaultColor": {
                "rgba": {
                  "red": 1.0,
                  "green": 1.0,
                  "blue": 1.0,
                  "alpha": 1.0
                }
              }
            },
            {
              "zoneType": "ZONE_THREE",
              "supportedEffects": [
                {
                  "id": "FIXED",
                  "syncable": false
                },
                {
                  "id": "BREATHING",
                  "syncable": false
                }
              ],
              "defaultColor": {
                "rgba": {
                  "red": 1.0,
                  "green": 1.0,
                  "blue": 1.0,
                  "alpha": 1.0
                }
              }
            },
            {
              "zoneType": "ZONE_FOUR",
              "supportedEffects": [
                {
                  "id": "FIXED",
                  "syncable": false
                },
                {
                  "id": "BREATHING",
                  "syncable": false
                }
              ],
              "defaultColor": {
                "rgba": {
                  "red": 1.0,
                  "green": 1.0,
                  "blue": 1.0,
                  "alpha": 1.0
                }
              }
            },
            {
              "zoneType": "ZONE_FIVE",
              "supportedEffects": [
                {
                  "id": "FIXED",
                  "syncable": false
                }
              ],
              "defaultColor": {
                "rgba": {
                  "red": 0.0,
                  "green": 1.0,
                  "blue": 0.0,
                  "alpha": 1.0
                }
              }
            },
            {
              "zoneType": "ZONE_SIX",
              "supportedEffects": [
                {
                  "id": "FIXED",
                  "syncable": false
                }
              ],
              "defaultColor": {
                "rgba": {
                  "red": 1.0,
                  "green": 1.0,
                  "blue": 0.0,
                  "alpha": 1.0
                }
              }
            },
            {
              "zoneType": "ZONE_SEVEN",
              "supportedEffects": [
                {
                  "id": "FIXED",
                  "syncable": false
                }
              ],
              "defaultColor": {
                "rgba": {
                  "red": 1.0,
                  "green": 0.0,
                  "blue": 0.0,
                  "alpha": 1.0
                }
              }
            }
          ],
          "hideStartupEffect": true,
          "firmwareOnly": true
        },
        "microphoneSupport": {
          "supportedPolarPatterns": [
            {
              "id": "POLAR_PATTERN_STEREO"
            },
            {
              "id": "POLAR_PATTERN_OMNI"
            },
            {
              "id": "POLAR_PATTERN_CARDIOID"
            },
            {
              "id": "POLAR_PATTERN_BIDIRECTIONAL"
            }
          ],
          "supportedMicrophoneModes": [
            {
              "id": "MICROPHONE_GAIN"
            },
            {
              "id": "HEADPHONE_LEVEL"
            },
            {
              "id": "BLEND"
            }
          ]
        },
        "headphoneJack": true,
        "audio": {
          "dtsHx2eSupported": true,
          "blueVoice2Supported": true,
          "devioVolumeFeatures": true
        }
      }
    },
    {
      "modelId": "yeti_x_wow",
      "displayName": "Yeti X WoW\u00ae Edition",
      "extendedDisplayName": "Yeti X WoW\u00ae Edition",
      "slotPrefix": "yetix-wow",
      "type": "MICROPHONE",
      "depot": "yetix_wow",
      "dfuDepot": "yetix_wow_dfu",
      "thumbnail": "pipeline://core/thumbnails/yetix_wow.png",
      "driver": {
        "windowsIds": [
          "audio"
        ],
        "osxIds": [
          "com.logi.gaming.audio.override"
        ],
        "associatedInterfaceType": "AUDIO"
      },
      "modes": [
        {
          "interfaces": [
            {
              "type": "DEVIO",
              "id": "046d_0ac6"
            },
            {
              "type": "HIDIO",
              "id": "HID_046d_0ac6_ffff0001"
            },
            {
              "type": "AUDIO"
            }
          ]
        },
        {
          "interfaces": [
            {
              "type": "HIDIO",
              "id": "HID_046d_0aae_ffff0001"
            }
          ]
        },
        {
          "interfaces": [
            {
              "type": "HIDIO",
              "id": "USB_b58e_0008_00"
            }
          ]
        }
      ],
      "capabilities": {
        "lightingSupport": {
          "deviceCategory": "MICROPHONE_RGB_ZONAL",
          "typeMap": {
            "ZONE_PRIMARY": "PRIMARY",
            "ZONE_BRANDING": "LOGO",
            "ZONE_LEFT_SIDE": "LEFT_SIDE",
            "ZONE_RIGHT_SIDE": "RIGHT_SIDE",
            "ZONE_COMBINED": "COMBINED",
            "ZONE_ONE": "ZONAL_ONE",
            "ZONE_TWO": "ZONAL_TWO",
            "ZONE_THREE": "ZONAL_THREE",
            "ZONE_FOUR": "ZONAL_FOUR",
            "ZONE_FIVE": "ZONAL_FIVE",
            "ZONE_SIX": "ZONAL_SIX",
            "ZONE_SEVEN": "ZONAL_SEVEN"
          },
          "zones": [
            {
              "zoneType": "ZONE_PRIMARY",
              "supportedEffects": [
                {
                  "id": "FIXED",
                  "syncable": false
                },
                {
                  "id": "BREATHING",
                  "syncable": false
                }
              ],
              "default_color": {
                "rgba": {
                  "red": 0.0,
                  "green": 1.0,
                  "blue": 0.0,
                  "alpha": 1.0
                }
              }
            },
            {
              "zoneType": "ZONE_BRANDING",
              "supportedEffects": [
                {
                  "id": "FIXED",
                  "syncable": false
                },
                {
                  "id": "BREATHING",
                  "syncable": false
                }
              ],
              "default_color": {
                "rgba": {
                  "red": 1.0,
                  "green": 0.0,
                  "blue": 0.0,
                  "alpha": 1.0
                }
              }
            },
            {
              "zoneType": "ZONE_LEFT_SIDE",
              "supportedEffects": [
                {
                  "id": "FIXED",
                  "syncable": false
                }
              ],
              "default_color": {
                "rgba": {
                  "red": 0.0,
                  "green": 0.0,
                  "blue": 1.0,
                  "alpha": 1.0
                }
              }
            },
            {
              "zoneType": "ZONE_RIGHT_SIDE",
              "supportedEffects": [
                {
                  "id": "FIXED",
                  "syncable": false
                },
                {
                  "id": "BREATHING",
                  "syncable": false
                }
              ],
              "default_color": {
                "rgba": {
                  "red": 1.0,
                  "green": 1.0,
                  "blue": 1.0,
                  "alpha": 1.0
                }
              }
            },
            {
              "zoneType": "ZONE_COMBINED",
              "supportedEffects": [
                {
                  "id": "FIXED",
                  "syncable": false
                },
                {
                  "id": "BREATHING",
                  "syncable": false
                }
              ],
              "default_color": {
                "rgba": {
                  "red": 1.0,
                  "green": 0.0,
                  "blue": 1.0,
                  "alpha": 1.0
                }
              }
            },
            {
              "zoneType": "ZONE_ONE",
              "supportedEffects": [
                {
                  "id": "FIXED",
                  "syncable": false
                },
                {
                  "id": "BREATHING",
                  "syncable": false
                }
              ],
              "default_color": {
                "rgba": {
                  "red": 1.0,
                  "green": 1.0,
                  "blue": 1.0,
                  "alpha": 1.0
                }
              }
            },
            {
              "zoneType": "ZONE_TWO",
              "supportedEffects": [
                {
                  "id": "FIXED",
                  "syncable": false
                },
                {
                  "id": "BREATHING",
                  "syncable": false
                }
              ],
              "default_color": {
                "rgba": {
                  "red": 1.0,
                  "green": 1.0,
                  "blue": 1.0,
                  "alpha": 1.0
                }
              }
            },
            {
              "zoneType": "ZONE_THREE",
              "supportedEffects": [
                {
                  "id": "FIXED",
                  "syncable": false
                },
                {
                  "id": "BREATHING",
                  "syncable": false
                }
              ],
              "default_color": {
                "rgba": {
                  "red": 1.0,
                  "green": 1.0,
                  "blue": 1.0,
                  "alpha": 1.0
                }
              }
            },
            {
              "zoneType": "ZONE_FOUR",
              "supportedEffects": [
                {
                  "id": "FIXED",
                  "syncable": false
                },
                {
                  "id": "BREATHING",
                  "syncable": false
                }
              ],
              "default_color": {
                "rgba": {
                  "red": 1.0,
                  "green": 1.0,
                  "blue": 1.0,
                  "alpha": 1.0
                }
              }
            },
            {
              "zoneType": "ZONE_FIVE",
              "supportedEffects": [
                {
                  "id": "FIXED",
                  "syncable": false
                }
              ],
              "default_color": {
                "rgba": {
                  "red": 0.0,
                  "green": 1.0,
                  "blue": 0.0,
                  "alpha": 1.0
                }
              }
            },
            {
              "zoneType": "ZONE_SIX",
              "supportedEffects": [
                {
                  "id": "FIXED",
                  "syncable": false
                }
              ],
              "default_color": {
                "rgba": {
                  "red": 1.0,
                  "green": 1.0,
                  "blue": 0.0,
                  "alpha": 1.0
                }
              }
            },
            {
              "zoneType": "ZONE_SEVEN",
              "supportedEffects": [
                {
                  "id": "FIXED",
                  "syncable": false
                }
              ],
              "default_color": {
                "rgba": {
                  "red": 1.0,
                  "green": 0.0,
                  "blue": 0.0,
                  "alpha": 1.0
                }
              }
            }
          ],
          "hideStartupEffect": true
        },
        "microphoneSupport": {
          "supportedPolarPatterns": [
            {
              "id": "POLAR_PATTERN_STEREO"
            },
            {
              "id": "POLAR_PATTERN_OMNI"
            },
            {
              "id": "POLAR_PATTERN_CARDIOID"
            },
            {
              "id": "POLAR_PATTERN_BIDIRECTIONAL"
            }
          ],
          "supportedMicrophoneModes": [
            {
              "id": "MICROPHONE_GAIN"
            },
            {
              "id": "HEADPHONE_LEVEL"
            },
            {
              "id": "BLEND"
            }
          ]
        },
        "headphoneJack": true,
        "audio": {
          "dtsHx2eSupported": true,
          "blueVoice2Supported": true,
          "devioVolumeFeatures": true
        }
      }
    },
    {
      "modelId": "yeti_x_wow_evantra",
      "displayName": "Yeti X WoW\u00ae Edition",
      "extendedDisplayName": "Yeti X WoW\u00ae Edition",
      "slotPrefix": "yetix-wow",
      "type": "MICROPHONE",
      "depot": "yetix_wow",
      "thumbnail": "pipeline://core/thumbnails/yetix_wow.png",
      "driver": {
        "windowsIds": [
          "audio"
        ],
        "osxIds": [
          "com.logi.gaming.audio.override"
        ],
        "associatedInterfaceType": "AUDIO"
      },
      "modes": [
        {
          "interfaces": [
            {
              "type": "HIDIO",
              "id": "USB_b58e_0008_00"
            }
          ]
        },
        {
          "interfaces": [
            {
              "type": "DEVIO",
              "id": "046d_0ad2"
            },
            {
              "type": "HIDIO",
              "id": "HID_046d_0ad2_ffff0001"
            },
            {
              "type": "AUDIO"
            }
          ]
        },
        {
          "interfaces": [
            {
              "type": "HIDIO",
              "id": "USB_046d_0ad3_00"
            }
          ]
        }
      ],
      "capabilities": {
        "lightingSupport": {
          "deviceCategory": "MICROPHONE_RGB_ZONAL",
          "typeMap": {
            "ZONE_PRIMARY": "PRIMARY",
            "ZONE_BRANDING": "LOGO",
            "ZONE_LEFT_SIDE": "LEFT_SIDE",
            "ZONE_RIGHT_SIDE": "RIGHT_SIDE",
            "ZONE_COMBINED": "COMBINED",
            "ZONE_ONE": "ZONAL_ONE",
            "ZONE_TWO": "ZONAL_TWO",
            "ZONE_THREE": "ZONAL_THREE",
            "ZONE_FOUR": "ZONAL_FOUR",
            "ZONE_FIVE": "ZONAL_FIVE",
            "ZONE_SIX": "ZONAL_SIX",
            "ZONE_SEVEN": "ZONAL_SEVEN"
          },
          "zones": [
            {
              "zoneType": "ZONE_PRIMARY",
              "supportedEffects": [
                {
                  "id": "FIXED",
                  "syncable": false
                },
                {
                  "id": "BREATHING",
                  "syncable": false
                }
              ],
              "default_color": {
                "rgba": {
                  "red": 0.0,
                  "green": 1.0,
                  "blue": 0.0,
                  "alpha": 1.0
                }
              }
            },
            {
              "zoneType": "ZONE_BRANDING",
              "supportedEffects": [
                {
                  "id": "FIXED",
                  "syncable": false
                },
                {
                  "id": "BREATHING",
                  "syncable": false
                }
              ],
              "default_color": {
                "rgba": {
                  "red": 1.0,
                  "green": 0.0,
                  "blue": 0.0,
                  "alpha": 1.0
                }
              }
            },
            {
              "zoneType": "ZONE_LEFT_SIDE",
              "supportedEffects": [
                {
                  "id": "FIXED",
                  "syncable": false
                }
              ],
              "default_color": {
                "rgba": {
                  "red": 0.0,
                  "green": 0.0,
                  "blue": 1.0,
                  "alpha": 1.0
                }
              }
            },
            {
              "zoneType": "ZONE_RIGHT_SIDE",
              "supportedEffects": [
                {
                  "id": "FIXED",
                  "syncable": false
                },
                {
                  "id": "BREATHING",
                  "syncable": false
                }
              ],
              "default_color": {
                "rgba": {
                  "red": 1.0,
                  "green": 1.0,
                  "blue": 1.0,
                  "alpha": 1.0
                }
              }
            },
            {
              "zoneType": "ZONE_COMBINED",
              "supportedEffects": [
                {
                  "id": "FIXED",
                  "syncable": false
                },
                {
                  "id": "BREATHING",
                  "syncable": false
                }
              ],
              "default_color": {
                "rgba": {
                  "red": 1.0,
                  "green": 0.0,
                  "blue": 1.0,
                  "alpha": 1.0
                }
              }
            },
            {
              "zoneType": "ZONE_ONE",
              "supportedEffects": [
                {
                  "id": "FIXED",
                  "syncable": false
                },
                {
                  "id": "BREATHING",
                  "syncable": false
                }
              ],
              "default_color": {
                "rgba": {
                  "red": 1.0,
                  "green": 1.0,
                  "blue": 1.0,
                  "alpha": 1.0
                }
              }
            },
            {
              "zoneType": "ZONE_TWO",
              "supportedEffects": [
                {
                  "id": "FIXED",
                  "syncable": false
                },
                {
                  "id": "BREATHING",
                  "syncable": false
                }
              ],
              "default_color": {
                "rgba": {
                  "red": 1.0,
                  "green": 1.0,
                  "blue": 1.0,
                  "alpha": 1.0
                }
              }
            },
            {
              "zoneType": "ZONE_THREE",
              "supportedEffects": [
                {
                  "id": "FIXED",
                  "syncable": false
                },
                {
                  "id": "BREATHING",
                  "syncable": false
                }
              ],
              "default_color": {
                "rgba": {
                  "red": 1.0,
                  "green": 1.0,
                  "blue": 1.0,
                  "alpha": 1.0
                }
              }
            },
            {
              "zoneType": "ZONE_FOUR",
              "supportedEffects": [
                {
                  "id": "FIXED",
                  "syncable": false
                },
                {
                  "id": "BREATHING",
                  "syncable": false
                }
              ],
              "default_color": {
                "rgba": {
                  "red": 1.0,
                  "green": 1.0,
                  "blue": 1.0,
                  "alpha": 1.0
                }
              }
            },
            {
              "zoneType": "ZONE_FIVE",
              "supportedEffects": [
                {
                  "id": "FIXED",
                  "syncable": false
                }
              ],
              "default_color": {
                "rgba": {
                  "red": 0.0,
                  "green": 1.0,
                  "blue": 0.0,
                  "alpha": 1.0
                }
              }
            },
            {
              "zoneType": "ZONE_SIX",
              "supportedEffects": [
                {
                  "id": "FIXED",
                  "syncable": false
                }
              ],
              "default_color": {
                "rgba": {
                  "red": 1.0,
                  "green": 1.0,
                  "blue": 0.0,
                  "alpha": 1.0
                }
              }
            },
            {
              "zoneType": "ZONE_SEVEN",
              "supportedEffects": [
                {
                  "id": "FIXED",
                  "syncable": false
                }
              ],
              "default_color": {
                "rgba": {
                  "red": 1.0,
                  "green": 0.0,
                  "blue": 0.0,
                  "alpha": 1.0
                }
              }
            }
          ],
          "hideStartupEffect": true
        },
        "microphoneSupport": {
          "supportedPolarPatterns": [
            {
              "id": "POLAR_PATTERN_STEREO"
            },
            {
              "id": "POLAR_PATTERN_OMNI"
            },
            {
              "id": "POLAR_PATTERN_CARDIOID"
            },
            {
              "id": "POLAR_PATTERN_BIDIRECTIONAL"
            }
          ],
          "supportedMicrophoneModes": [
            {
              "id": "MICROPHONE_GAIN"
            },
            {
              "id": "HEADPHONE_LEVEL"
            },
            {
              "id": "BLEND"
            }
          ]
        },
        "headphoneJack": true,
        "audio": {
          "dtsHx2eSupported": true,
          "blueVoice2Supported": true,
          "devioVolumeFeatures": true
        }
      }
    },
    {
      "modelId": "yeti_classic",
      "displayName": "Yeti",
      "extendedDisplayName": "Yeti",
      "slotPrefix": "yeti-classic",
      "type": "MICROPHONE",
      "depot": "yeti_classic",
      "thumbnail": "pipeline://core/thumbnails/yeti_classic.png",
      "driver": {
        "windowsIds": [
          "audio"
        ],
        "osxIds": [
          "com.logi.gaming.audio.override"
        ],
        "associatedInterfaceType": "AUDIO"
      },
      "modes": [
        {
          "interfaces": [
            {
              "type": "HIDIO",
              "id": "HID_b58e_9e84_000c0001"
            },
            {
              "type": "AUDIO"
            }
          ]
        },
        {
          "interfaces": [
            {
              "type": "HIDIO",
              "id": "HID_046d_0ab7_000c0001"
            },
            {
              "type": "AUDIO"
            }
          ]
        }
      ],
      "capabilities": {
        "audio": {
          "dtsHx2eSupported": true,
          "blueVoice2Supported": true
        }
      }
    },
    {
      "modelId": "yeti_nano",
      "displayName": "Yeti Nano",
      "extendedDisplayName": "Yeti Nano",
      "slotPrefix": "yeti-nano",
      "type": "MICROPHONE",
      "depot": "yeti_nano",
      "thumbnail": "pipeline://core/thumbnails/yeti_nano.png",
      "driver": {
        "windowsIds": [
          "audio"
        ],
        "osxIds": [
          "com.logi.gaming.audio.override"
        ]
      },
      "modes": [
        {
          "interfaces": [
            {
              "type": "DEVIO",
              "id": "046d_0acf"
            },
            {
              "type": "HIDIO",
              "id": "HID_046d_0acf_ffff0001"
            },
            {
              "type": "AUDIO"
            }
          ]
        },
        {
          "interfaces": [
            {
              "type": "HIDIO",
              "id": "USB_046d_0ad0_00"
            }
          ]
        }
      ],
      "capabilities": {
        "microphoneSupport": {
          "supportedPolarPatterns": [
            {
              "id": "POLAR_PATTERN_OMNI"
            },
            {
              "id": "POLAR_PATTERN_CARDIOID"
            }
          ],
          "supportedMicrophoneModes": [
            {
              "id": "MICROPHONE_GAIN"
            },
            {
              "id": "HEADPHONE_LEVEL"
            },
            {
              "id": "BLEND"
            }
          ]
        },
        "headphoneJack": true,
        "audio": {
          "dtsHx2eSupported": true,
          "blueVoice2Supported": true
        }
      }
    },
    {
      "modelId": "yeti_original_nano",
      "displayName": "Yeti Nano",
      "extendedDisplayName": "Yeti Nano",
      "slotPrefix": "yeti-original-nano",
      "type": "MICROPHONE",
      "depot": "yeti_original_nano",
      "dfuDepot": "yeti_original_nano_dfu",
      "thumbnail": "pipeline://core/thumbnails/yeti_nano.png",
      "driver": {
        "windowsIds": [
          "audio"
        ],
        "osxIds": [
          "com.logi.gaming.audio.override"
        ]
      },
      "modes": [
        {
          "interfaces": [
            {
              "type": "DEVIO",
              "id": "046d_0ab1"
            },
            {
              "type": "HIDIO",
              "id": "HID_046d_0ab1_ffff0001"
            },
            {
              "type": "AUDIO"
            }
          ]
        },
        {
          "interfaces": [
            {
              "type": "HIDIO",
              "id": "USB_b58e_0ab2_00"
            }
          ]
        },
        {
          "interfaces": [
            {
              "type": "HIDIO",
              "id": "HID_b58e_0005_ffff0001"
            }
          ]
        },
        {
          "interfaces": [
            {
              "type": "HIDIO",
              "id": "USB_b58e_0006_00"
            }
          ]
        }
      ],
      "capabilities": {
        "microphoneSupport": {
          "supportedPolarPatterns": [
            {
              "id": "POLAR_PATTERN_OMNI"
            },
            {
              "id": "POLAR_PATTERN_CARDIOID"
            }
          ],
          "supportedMicrophoneModes": [
            {
              "id": "MICROPHONE_GAIN"
            },
            {
              "id": "HEADPHONE_LEVEL"
            }
          ]
        },
        "headphoneJack": true,
        "audio": {
          "dtsHx2eSupported": true,
          "blueVoice2Supported": true
        }
      }
    }
  ]
}