<?xml version="1.0" encoding="UTF-8"?>
<feature
      id="org.eclipse.datatools.enablement.oda.designer.feature"
      label="%featureName"
      version="1.14.100.201802061455"
      provider-name="%providerName"
      plugin="org.eclipse.datatools.enablement.oda.xml.ui"
      image="eclipse_update_120.jpg">

   <description>
      %description
   </description>

   <copyright>
      %featureCopyright
   </copyright>

   <license url="%licenseURL">
      %license
   </license>

   <requires>
      <import feature="org.eclipse.datatools.connectivity.oda.designer.feature" version="1.13.0" match="greaterOrEqual"/>
      <import feature="org.eclipse.datatools.enablement.oda.feature" version="1.13.0" match="greaterOrEqual"/>
   </requires>

   <plugin
         id="org.eclipse.datatools.enablement.oda.ws.ui"
         download-size="108"
         install-size="217"
         version="1.4.100.201802061455"
         unpack="false"/>

   <plugin
         id="org.eclipse.datatools.enablement.oda.xml.ui"
         download-size="214"
         install-size="425"
         version="1.4.100.201801242337"
         unpack="false"/>

   <plugin
         id="org.eclipse.datatools.connectivity.oda.flatfile.ui"
         download-size="102"
         install-size="201"
         version="3.3.100.201801242337"
         unpack="false"/>

</feature>
