<?xml version="1.0" encoding="UTF-8"?>
<feature
      id="org.eclipse.datatools.connectivity.oda.designer.feature"
      label="%featureName"
      version="1.14.100.201801242337"
      provider-name="%providerName"
      plugin="org.eclipse.datatools.connectivity.oda.design.ui"
      image="eclipse_update_120.jpg">

   <description>
      %description
   </description>

   <copyright>
      %featureCopyright
   </copyright>

   <license url="%licenseURL">
      %license
   </license>

   <requires>
      <import feature="org.eclipse.pde" version="3.4.0" match="greaterOrEqual"/>
      <import feature="org.eclipse.datatools.connectivity.oda.designer.core.feature" version="1.13.0" match="greaterOrEqual"/>
   </requires>

   <plugin
         id="org.eclipse.datatools.connectivity.oda.template.ui"
         download-size="53"
         install-size="122"
         version="3.4.100.201801242337"
         unpack="false"/>

</feature>
