<?xml version="1.0" encoding="UTF-8"?>
<feature
      id="org.eclipse.datatools.sqldevtools.ddlgen.feature"
      label="%featureName"
      version="1.14.100.201802061437"
      provider-name="%providerName"
      plugin="org.eclipse.datatools.sqltools.ddlgen.ui"
      image="eclipse_update_120.jpg">

   <description>
      %description
   </description>

   <copyright>
      %featureCopyright
   </copyright>

   <license url="%licenseURL">
      %license
   </license>

   <requires>
      <import feature="org.eclipse.datatools.modelbase.feature" version="1.13.0" match="greaterOrEqual"/>
      <import feature="org.eclipse.datatools.connectivity.feature" version="1.13.0" match="greaterOrEqual"/>
      <import feature="org.eclipse.datatools.sqldevtools.results.feature" version="1.13.0" match="greaterOrEqual"/>
   </requires>

   <plugin
         id="org.eclipse.datatools.sqltools.sql"
         download-size="92"
         install-size="158"
         version="1.2.100.201801242337"
         unpack="false"/>

   <plugin
         id="org.eclipse.datatools.sqltools.common.ui"
         download-size="228"
         install-size="438"
         version="1.2.100.201801242337"
         unpack="false"/>

   <plugin
         id="org.eclipse.datatools.sqltools.plan"
         download-size="130"
         install-size="257"
         version="1.2.100.201801242337"
         unpack="false"/>

   <plugin
         id="org.eclipse.datatools.sqltools.editor.core"
         download-size="189"
         install-size="392"
         version="1.2.100.201802061437"
         unpack="false"/>

   <plugin
         id="org.eclipse.datatools.sqltools.sqleditor"
         download-size="462"
         install-size="990"
         version="1.2.100.201801242337"
         unpack="false"/>

   <plugin
         id="org.eclipse.datatools.sqltools.ddlgen.ui"
         download-size="81"
         install-size="155"
         version="1.2.100.201801242337"
         unpack="false"/>

   <plugin
         id="org.eclipse.datatools.connectivity.db.generic"
         download-size="17"
         install-size="25"
         version="1.2.100.201801242337"
         unpack="false"/>

   <plugin
         id="org.eclipse.datatools.sqltools.editor.core.ui"
         download-size="46"
         install-size="86"
         version="1.2.100.201801242337"
         unpack="false"/>

   <plugin
         id="org.eclipse.datatools.sqltools.sql.ui"
         download-size="31"
         install-size="55"
         version="1.2.100.201801242337"
         unpack="false"/>

</feature>
