{
  "receivers": [
    {
      "modelId": "c539",
      "displayName": "LIGHTSPEED MOUSE",
      "type": "LS1",
      "deviceType": "MOUSE",
      "modes": [
        {
          "interfaces": [
            {
              "type": "DEVIO",
              "id": "046d_c539"
            }
          ]
        }
      ]
    },
    {
      "modelId": "c53a",
      "displayName": "POWERPLAY",
      "type": "LS_HYBRID",
      "dfuDepot": "c53a_dfu",
      "deviceType": "MOUSE",
      "modes": [
        {
          "interfaces": [
            {
              "type": "DEVIO",
              "id": "046d_c53a"
            }
          ]
        },
        {
          "interfaces": [
            {
              "type": "HIDIO",
              "id": "HID_046d_aaca_ffb00001"
            }
          ]
        }
      ],
      "metadata": {
        "isChargepad": true
      }
    },
    {
      "modelId": "c53d",
      "displayName": "G613",
      "type": "LS1",
      "deviceType": "KEYBOARD",
      "modes": [
        {
          "interfaces": [
            {
              "type": "DEVIO",
              "id": "046d_c53d"
            }
          ]
        }
      ],
      "metadata": {
        "restrictedDevices": true
      }
    },
    {
      "modelId": "c53f",
      "displayName": "G304 / G305",
      "type": "LS1",
      "deviceType": "MOUSE",
      "modes": [
        {
          "interfaces": [
            {
              "type": "DEVIO",
              "id": "046d_c53f"
            }
          ]
        }
      ],
      "metadata": {
        "restrictedDevices": true
      }
    },
    {
      "modelId": "c541",
      "displayName": "G915 / G913",
      "type": "LS2",
      "dfuDepot": "c541_dfu",
      "deviceType": "KEYBOARD",
      "modes": [
        {
          "interfaces": [
            {
              "type": "DEVIO",
              "id": "046d_c541"
            }
          ]
        },
        {
          "interfaces": [
            {
              "type": "DEVIO",
              "id": "046d_aae9"
            }
          ]
        }
      ]
    },
    {
      "modelId": "c545",
      "displayName": "G915 / G913 TKL",
      "type": "LS2",
      "dfuDepot": "c545_dfu",
      "deviceType": "KEYBOARD",
      "modes": [
        {
          "interfaces": [
            {
              "type": "DEVIO",
              "id": "046d_c545"
            }
          ]
        },
        {
          "interfaces": [
            {
              "type": "DEVIO",
              "id": "046d_ab01"
            }
          ]
        }
      ]
    },
    {
      "modelId": "c547",
      "displayName": "LIGHTSPEED MOUSE",
      "type": "LS2",
      "dfuDepot": "c547_dfu",
      "deviceType": "MOUSE",
      "modes": [
        {
          "interfaces": [
            {
              "type": "DEVIO",
              "id": "046d_c547",
              "derivatives": [
                {
                  "extendedModel": 2,
                  "deviceType": "KEYBOARD",
                  "displayName": "LIGHTSPEED KEYBOARD"
                },
                {
                  "extendedModel": 3,
                  "deviceType": "KEYBOARD",
                  "displayName": "LIGHTSPEED KEYBOARD"
                },
                {
                  "extendedModel": 4,
                  "deviceType": "KEYBOARD",
                  "displayName": "LIGHTSPEED KEYBOARD"
                },
                {
                  "extendedModel": 5,
                  "deviceType": "KEYBOARD",
                  "displayName": "LIGHTSPEED KEYBOARD"
                }
              ]
            }
          ]
        },
        {
          "interfaces": [
            {
              "type": "DEVIO",
              "id": "046d_ab06"
            }
          ]
        }
      ]
    }
  ]
}