<?xml version="1.0" encoding="UTF-8"?>
<feature
      id="org.eclipse.datatools.sqldevtools.feature"
      label="%featureName"
      version="1.14.100.201802061753"
      provider-name="%providerName"
      plugin="org.eclipse.datatools.sqltools.common.ui"
      image="eclipse_update_120.jpg">

   <description>
      %description
   </description>

   <copyright>
      %featureCopyright
   </copyright>

   <license url="%licenseURL">
      %license
   </license>

   <requires>
      <import feature="org.eclipse.gef" version="3.4.0" match="greaterOrEqual"/>
      <import feature="org.eclipse.datatools.sqldevtools.results.feature"/>
      <import feature="org.eclipse.datatools.sqldevtools.ddlgen.feature"/>
      <import feature="org.eclipse.datatools.modelbase.feature" version="1.13.0" match="greaterOrEqual"/>
      <import feature="org.eclipse.datatools.connectivity.feature" version="1.13.0" match="greaterOrEqual"/>
      <import feature="org.eclipse.datatools.doc.user" version="1.13.0" match="greaterOrEqual"/>
      <import feature="org.eclipse.datatools.enablement.jdbc.feature" version="1.13.0" match="greaterOrEqual"/>
   </requires>

   <plugin
         id="org.eclipse.datatools.sqltools.common.ui"
         download-size="228"
         install-size="438"
         version="1.2.100.201801242337"
         unpack="false"/>

   <plugin
         id="org.eclipse.datatools.sqltools.debugger.core"
         download-size="54"
         install-size="107"
         version="1.2.100.201801242337"
         unpack="false"/>

   <plugin
         id="org.eclipse.datatools.sqltools.editor.core"
         download-size="189"
         install-size="392"
         version="1.2.100.201802061437"
         unpack="false"/>

   <plugin
         id="org.eclipse.datatools.sqltools.plan"
         download-size="130"
         install-size="257"
         version="1.2.100.201801242337"
         unpack="false"/>

   <plugin
         id="org.eclipse.datatools.sqltools.routineeditor"
         download-size="50"
         install-size="98"
         version="1.2.100.201801242337"
         unpack="false"/>

   <plugin
         id="org.eclipse.datatools.sqltools.sql"
         download-size="92"
         install-size="158"
         version="1.2.100.201801242337"
         unpack="false"/>

   <plugin
         id="org.eclipse.datatools.sqltools.sqleditor"
         download-size="462"
         install-size="990"
         version="1.2.100.201801242337"
         unpack="false"/>

   <plugin
         id="org.eclipse.datatools.sqltools.sqlscrapbook"
         download-size="139"
         install-size="297"
         version="1.2.100.201801242337"
         unpack="false"/>

   <plugin
         id="org.eclipse.datatools.help"
         download-size="17"
         install-size="31"
         version="1.7.100.201801242337"
         unpack="false"/>

   <plugin
         id="org.eclipse.datatools.sqltools.db.generic"
         download-size="138"
         install-size="349"
         version="1.2.100.201802061753"
         unpack="false"/>

   <plugin
         id="org.eclipse.datatools.sqltools.debugger.core.ui"
         download-size="81"
         install-size="169"
         version="1.2.100.201801242337"
         unpack="false"/>

   <plugin
         id="org.eclipse.datatools.sqltools.editor.core.ui"
         download-size="46"
         install-size="86"
         version="1.2.100.201801242337"
         unpack="false"/>

   <plugin
         id="org.eclipse.datatools.sqltools.result.ui"
         download-size="369"
         install-size="798"
         version="1.3.100.201801242337"
         unpack="false"/>

   <plugin
         id="org.eclipse.datatools.sqltools.routineeditor.ui"
         download-size="164"
         install-size="361"
         version="1.2.100.201801242337"
         unpack="false"/>

   <plugin
         id="org.eclipse.datatools.sqltools.sql.ui"
         download-size="31"
         install-size="55"
         version="1.2.100.201801242337"
         unpack="false"/>

</feature>
